currency_code,month_start,units_per_gbp
AED,2025-01-01,4.6666
AED,2025-02-01,4.5379
AED,2025-03-01,4.6219
AED,2025-04-01,4.7662
AED,2025-05-01,4.8737
AED,2025-06-01,4.9256
AED,2025-07-01,4.9400
AED,2025-08-01,4.9729
AED,2025-09-01,4.9480
AED,2025-10-01,5.0120
AED,2025-11-01,4.8946
AED,2025-12-01,4.8204
AED,2026-01-01,4.8949
AED,2026-02-01,4.9247
AED,2026-03-01,4.9847
AED,2026-04-01,4.9067
AED,2026-05-01,4.9585
AED,2026-06-01,4.9207
AED,2026-07-01,4.9226
AED,2026-08-01,4.9091
AED,2026-09-01,4.9776
AED,2026-10-01,4.9418
ALL,2025-01-01,119.0159
ALL,2025-02-01,116.3088
ALL,2025-03-01,119.6873
ALL,2025-04-01,118.1352
ALL,2025-05-01,116.1071
ALL,2025-06-01,116.1352
ALL,2025-07-01,114.6948
ALL,2025-08-01,112.6549
ALL,2025-09-01,112.4423
ALL,2025-10-01,111.6435
ALL,2025-11-01,111.1195
ALL,2025-12-01,109.5037
ALL,2026-01-01,109.7797
ALL,2026-02-01,110.4280
ALL,2026-03-01,110.5606
ALL,2026-04-01,111.0571
ALL,2026-05-01,109.9161
ALL,2026-06-01,110.0756
ALL,2026-07-01,109.5668
ALL,2026-08-01,109.7955
ALL,2026-09-01,108.1569
ALL,2026-10-01,107.0437
AMD,2025-01-01,497.4373
AMD,2025-02-01,494.2943
AMD,2025-03-01,502.0095
AMD,2025-04-01,507.4208
AMD,2025-05-01,518.4789
AMD,2025-06-01,512.1380
AMD,2025-07-01,516.9122
AMD,2025-08-01,516.4560
AMD,2025-09-01,515.9186
AMD,2025-10-01,522.8649
AMD,2025-11-01,510.4207
AMD,2025-12-01,499.7654
AMD,2026-01-01,507.5074
AMD,2026-02-01,508.5769
AMD,2026-03-01,510.8430
AMD,2026-04-01,502.9638
AMD,2026-05-01,504.8026
AMD,2026-06-01,493.4737
AMD,2026-07-01,494.0742
AMD,2026-08-01,488.5373
AMD,2026-09-01,493.4029
AMD,2026-10-01,489.0579
AOA,2025-01-01,1173.8581
AOA,2025-02-01,1138.1488
AOA,2025-03-01,1157.7733
AOA,2025-04-01,1192.9573
AOA,2025-05-01,1220.1919
AOA,2025-06-01,1233.4506
AOA,2025-07-01,1237.1455
AOA,2025-08-01,1239.3592
AOA,2025-09-01,1235.5280
AOA,2025-10-01,1249.1046
AOA,2025-11-01,1219.6596
AOA,2025-12-01,1201.0841
AOA,2026-01-01,1229.3653
AOA,2026-02-01,1226.4671
AOA,2026-03-01,1242.6214
AOA,2026-04-01,1223.1499
AOA,2026-05-01,1238.0060
AOA,2026-06-01,1227.9175
AOA,2026-07-01,1228.6838
AOA,2026-08-01,1224.3306
AOA,2026-09-01,1240.6639
AOA,2026-10-01,1233.1555
ARS,2025-01-01,1296.6640
ARS,2025-02-01,1292.8268
ARS,2025-03-01,1331.6527
ARS,2025-04-01,1385.9945
ARS,2025-05-01,1590.0161
ARS,2025-06-01,1532.9769
ARS,2025-07-01,1565.6925
ARS,2025-08-01,1700.0903
ARS,2025-09-01,1740.1327
ARS,2025-10-01,2005.5126
ARS,2025-11-01,1986.3850
ARS,2025-12-01,1838.1443
ARS,2026-01-01,1932.7338
ARS,2026-02-01,1923.3644
ARS,2026-03-01,1891.6060
ARS,2026-04-01,1865.4704
ARS,2026-05-01,1856.2228
ARS,2026-06-01,1873.7960
ARS,2026-07-01,1925.8065
ARS,2026-08-01,1975.2991
ARS,2026-09-01,2025.5735
ARS,2026-10-01,2027.5756
AUD,2025-01-01,2.0121
AUD,2025-02-01,1.9667
AUD,2025-03-01,1.9825
AUD,2025-04-01,2.0483
AUD,2025-05-01,2.0824
AUD,2025-06-01,2.0813
AUD,2025-07-01,2.0690
AUD,2025-08-01,2.0519
AUD,2025-09-01,2.0949
AUD,2025-10-01,2.0443
AUD,2025-11-01,2.0553
AUD,2025-12-01,2.0226
AUD,2026-01-01,2.0144
AUD,2026-02-01,1.9868
AUD,2026-03-01,1.9195
AUD,2026-04-01,1.8817
AUD,2026-05-01,1.8879
AUD,2026-06-01,1.8799
AUD,2026-07-01,1.8987
AUD,2026-08-01,1.9112
AUD,2026-09-01,1.9159
AUD,2026-10-01,1.8868
AWG,2025-01-01,2.2745
AWG,2025-02-01,2.2118
AWG,2025-03-01,2.2528
AWG,2025-04-01,2.3231
AWG,2025-05-01,2.3755
AWG,2025-06-01,2.4008
AWG,2025-07-01,2.4078
AWG,2025-08-01,2.4238
AWG,2025-09-01,2.4117
AWG,2025-10-01,2.4429
AWG,2025-11-01,2.3857
AWG,2025-12-01,2.3495
AWG,2026-01-01,2.3858
AWG,2026-02-01,2.4003
AWG,2026-03-01,2.4296
AWG,2026-04-01,2.3916
AWG,2026-05-01,2.4168
AWG,2026-06-01,2.3984
AWG,2026-07-01,2.3993
AWG,2026-08-01,2.3927
AWG,2026-09-01,2.4261
AWG,2026-10-01,2.4086
AZN,2025-01-01,2.1602
AZN,2025-02-01,2.1006
AZN,2025-03-01,2.1395
AZN,2025-04-01,2.2063
AZN,2025-05-01,2.2561
AZN,2025-06-01,2.2801
AZN,2025-07-01,2.2867
AZN,2025-08-01,2.3019
AZN,2025-09-01,2.2904
AZN,2025-10-01,2.3201
AZN,2025-11-01,2.2657
AZN,2025-12-01,2.2313
AZN,2026-01-01,2.2658
AZN,2026-02-01,2.2797
AZN,2026-03-01,2.3074
AZN,2026-04-01,2.2713
AZN,2026-05-01,2.2953
AZN,2026-06-01,2.2778
AZN,2026-07-01,2.2787
AZN,2026-08-01,2.2724
AZN,2026-09-01,2.3042
AZN,2026-10-01,2.2875
BAM,2025-01-01,2.3678
BAM,2025-02-01,2.3142
BAM,2025-03-01,2.3612
BAM,2025-04-01,2.3268
BAM,2025-05-01,2.2845
BAM,2025-06-01,2.3169
BAM,2025-07-01,2.2861
BAM,2025-08-01,2.2584
BAM,2025-09-01,2.2635
BAM,2025-10-01,2.2546
BAM,2025-11-01,2.2504
BAM,2025-12-01,2.2157
BAM,2026-01-01,2.2262
BAM,2026-02-01,2.2390
BAM,2026-03-01,2.2431
BAM,2026-04-01,2.2629
BAM,2026-05-01,2.2505
BAM,2026-06-01,2.2590
BAM,2026-07-01,2.2618
BAM,2026-08-01,2.2920
BAM,2026-09-01,2.2846
BAM,2026-10-01,2.2815
BBD,2025-01-01,2.5414
BBD,2025-02-01,2.4713
BBD,2025-03-01,2.5170
BBD,2025-04-01,2.5956
BBD,2025-05-01,2.6542
BBD,2025-06-01,2.6824
BBD,2025-07-01,2.6903
BBD,2025-08-01,2.7082
BBD,2025-09-01,2.6946
BBD,2025-10-01,2.7295
BBD,2025-11-01,2.6655
BBD,2025-12-01,2.6251
BBD,2026-01-01,2.6657
BBD,2026-02-01,2.6819
BBD,2026-03-01,2.7146
BBD,2026-04-01,2.6721
BBD,2026-05-01,2.7003
BBD,2026-06-01,2.6798
BBD,2026-07-01,2.6808
BBD,2026-08-01,2.6734
BBD,2026-09-01,2.7108
BBD,2026-10-01,2.6912
BDT,2025-01-01,151.7431
BDT,2025-02-01,150.1776
BDT,2025-03-01,152.8683
BDT,2025-04-01,157.6299
BDT,2025-05-01,161.1671
BDT,2025-06-01,163.2698
BDT,2025-07-01,164.4479
BDT,2025-08-01,164.9026
BDT,2025-09-01,163.7075
BDT,2025-10-01,166.0355
BDT,2025-11-01,162.8912
BDT,2025-12-01,160.5873
BDT,2026-01-01,163.0026
BDT,2026-02-01,163.9927
BDT,2026-03-01,165.7918
BDT,2026-04-01,163.5698
BDT,2026-05-01,165.7489
BDT,2026-06-01,164.6996
BDT,2026-07-01,164.5790
BDT,2026-08-01,164.9731
BDT,2026-09-01,165.8545
BDT,2026-10-01,165.6588
BGN,2025-01-01,2.3678
BGN,2025-02-01,2.3142
BGN,2025-03-01,2.3612
BGN,2025-04-01,2.3268
BGN,2025-05-01,2.2845
BGN,2025-06-01,2.3169
BGN,2025-07-01,2.2861
BGN,2025-08-01,2.2584
BGN,2025-09-01,2.2635
BGN,2025-10-01,2.2546
BGN,2025-11-01,2.2504
BGN,2025-12-01,2.2157
BGN,2026-01-01,2.2262
BHD,2025-01-01,0.4778
BHD,2025-02-01,0.4646
BHD,2025-03-01,0.4732
BHD,2025-04-01,0.4880
BHD,2025-05-01,0.4990
BHD,2025-06-01,0.5043
BHD,2025-07-01,0.5058
BHD,2025-08-01,0.5091
BHD,2025-09-01,0.5066
BHD,2025-10-01,0.5131
BHD,2025-11-01,0.5011
BHD,2025-12-01,0.4935
BHD,2026-01-01,0.5012
BHD,2026-02-01,0.5042
BHD,2026-03-01,0.5103
BHD,2026-04-01,0.5024
BHD,2026-05-01,0.5077
BHD,2026-06-01,0.5038
BHD,2026-07-01,0.5040
BHD,2026-08-01,0.5026
BHD,2026-09-01,0.5096
BHD,2026-10-01,0.5059
BIF,2025-01-01,3751.7976
BIF,2025-02-01,3650.4961
BIF,2025-03-01,3722.9552
BIF,2025-04-01,3842.1971
BIF,2025-05-01,3944.3419
BIF,2025-06-01,3989.4529
BIF,2025-07-01,4005.0221
BIF,2025-08-01,4031.5732
BIF,2025-09-01,4019.1328
BIF,2025-10-01,4068.7331
BIF,2025-11-01,3927.3932
BIF,2025-12-01,3876.0939
BIF,2026-01-01,3956.8503
BIF,2026-02-01,3967.9261
BIF,2026-03-01,4021.1045
BIF,2026-04-01,3956.4040
BIF,2026-05-01,4018.3793
BIF,2026-06-01,4014.7076
BIF,2026-07-01,4007.0996
BIF,2026-08-01,3987.4698
BIF,2026-09-01,4050.5706
BIF,2026-10-01,4027.0511
BMD,2025-01-01,1.2707
BMD,2025-02-01,1.2357
BMD,2025-03-01,1.2585
BMD,2025-04-01,1.2978
BMD,2025-05-01,1.3271
BMD,2025-06-01,1.3412
BMD,2025-07-01,1.3451
BMD,2025-08-01,1.3541
BMD,2025-09-01,1.3473
BMD,2025-10-01,1.3647
BMD,2025-11-01,1.3328
BMD,2025-12-01,1.3126
BMD,2026-01-01,1.3329
BMD,2026-02-01,1.3410
BMD,2026-03-01,1.3573
BMD,2026-04-01,1.3361
BMD,2026-05-01,1.3502
BMD,2026-06-01,1.3399
BMD,2026-07-01,1.3404
BMD,2026-08-01,1.3367
BMD,2026-09-01,1.3554
BMD,2026-10-01,1.3456
BND,2025-01-01,1.7165
BND,2025-02-01,1.6717
BND,2025-03-01,1.6907
BND,2025-04-01,1.7298
BND,2025-05-01,1.7437
BND,2025-06-01,1.7301
BND,2025-07-01,1.7287
BND,2025-08-01,1.7290
BND,2025-09-01,1.7323
BND,2025-10-01,1.7421
BND,2025-11-01,1.7315
BND,2025-12-01,1.7114
BND,2026-01-01,1.7223
BND,2026-02-01,1.7206
BND,2026-03-01,1.7158
BND,2026-04-01,1.7062
BND,2026-05-01,1.7200
BND,2026-06-01,1.7157
BND,2026-07-01,1.7205
BND,2026-08-01,1.7262
BND,2026-09-01,1.7300
BND,2026-10-01,1.7135
BOB,2025-01-01,8.7701
BOB,2025-02-01,8.5398
BOB,2025-03-01,8.6876
BOB,2025-04-01,8.9667
BOB,2025-05-01,9.1606
BOB,2025-06-01,9.2680
BOB,2025-07-01,9.3110
BOB,2025-08-01,9.3501
BOB,2025-09-01,9.3162
BOB,2025-10-01,9.4137
BOB,2025-11-01,9.2112
BOB,2025-12-01,9.0809
BOB,2026-01-01,9.2216
BOB,2026-02-01,9.2798
BOB,2026-03-01,9.3923
BOB,2026-04-01,9.2040
BOB,2026-05-01,9.3371
BOB,2026-06-01,9.2626
BOB,2026-07-01,9.2802
BOB,2026-08-01,14.4494
BOB,2026-09-01,15.6612
BOB,2026-10-01,16.1986
BRL,2025-01-01,7.7852
BRL,2025-02-01,7.4452
BRL,2025-03-01,7.1666
BRL,2025-04-01,7.3517
BRL,2025-05-01,7.8761
BRL,2025-06-01,7.6038
BRL,2025-07-01,7.3854
BRL,2025-08-01,7.5367
BRL,2025-09-01,7.4190
BRL,2025-10-01,7.2300
BRL,2025-11-01,7.1817
BRL,2025-12-01,6.9885
BRL,2026-01-01,7.3126
BRL,2026-02-01,7.2090
BRL,2026-03-01,7.0888
BRL,2026-04-01,6.9467
BRL,2026-05-01,6.7015
BRL,2026-06-01,6.7545
BRL,2026-07-01,6.8262
BRL,2026-08-01,6.7858
BRL,2026-09-01,7.0695
BRL,2026-10-01,6.9270
BSD,2025-01-01,1.2707
BSD,2025-02-01,1.2357
BSD,2025-03-01,1.2585
BSD,2025-04-01,1.2978
BSD,2025-05-01,1.3271
BSD,2025-06-01,1.3412
BSD,2025-07-01,1.3451
BSD,2025-08-01,1.3541
BSD,2025-09-01,1.3473
BSD,2025-10-01,1.3647
BSD,2025-11-01,1.3328
BSD,2025-12-01,1.3126
BSD,2026-01-01,1.3329
BSD,2026-02-01,1.3410
BSD,2026-03-01,1.3573
BSD,2026-04-01,1.3361
BSD,2026-05-01,1.3502
BSD,2026-06-01,1.3399
BSD,2026-07-01,1.3404
BSD,2026-08-01,1.3367
BSD,2026-09-01,1.3554
BSD,2026-10-01,1.3456
BTN,2025-01-01,107.9353
BTN,2025-02-01,106.7843
BTN,2025-03-01,109.3298
BTN,2025-04-01,112.0633
BTN,2025-05-01,113.6384
BTN,2025-06-01,114.7937
BTN,2025-07-01,116.2816
BTN,2025-08-01,117.0133
BTN,2025-09-01,117.3193
BTN,2025-10-01,119.8786
BTN,2025-11-01,116.9491
BTN,2025-12-01,116.2366
BTN,2026-01-01,120.4728
BTN,2026-02-01,122.8717
BTN,2026-03-01,123.0663
BTN,2026-04-01,123.8811
BTN,2026-05-01,126.5860
BTN,2026-06-01,129.7582
BTN,2026-07-01,126.7039
BTN,2026-08-01,129.0145
BTN,2026-09-01,129.7270
BTN,2026-10-01,129.0581
BWP,2025-01-01,17.3429
BWP,2025-02-01,17.1054
BWP,2025-03-01,17.4092
BWP,2025-04-01,17.6586
BWP,2025-05-01,18.3081
BWP,2025-06-01,18.0137
BWP,2025-07-01,18.1260
BWP,2025-08-01,18.2200
BWP,2025-09-01,18.3097
BWP,2025-10-01,18.2581
BWP,2025-11-01,18.1954
BWP,2025-12-01,17.6973
BWP,2026-01-01,17.8567
BWP,2026-02-01,18.0945
BWP,2026-03-01,17.8362
BWP,2026-04-01,18.0623
BWP,2026-05-01,18.1272
BWP,2026-06-01,18.1197
BWP,2026-07-01,17.9747
BWP,2026-08-01,18.2092
BWP,2026-09-01,18.2396
BWP,2026-10-01,18.1782
BYN,2025-01-01,4.1559
BYN,2025-02-01,4.0406
BYN,2025-03-01,4.1154
BYN,2025-04-01,4.2443
BYN,2025-05-01,4.3397
BYN,2025-06-01,4.3904
BYN,2025-07-01,4.4019
BYN,2025-08-01,4.4333
BYN,2025-09-01,4.5277
BYN,2025-10-01,4.6208
BYN,2025-11-01,4.5392
BYN,2025-12-01,4.4824
BYN,2026-01-01,3.9320
BYN,2026-02-01,3.8555
BYN,2026-03-01,3.8735
BYN,2026-04-01,4.0716
BYN,2026-05-01,3.7987
BYN,2026-06-01,3.6751
BYN,2026-07-01,3.7084
BYN,2026-08-01,3.8578
BYN,2026-09-01,4.1213
BYN,2026-10-01,4.0782
BZD,2025-01-01,2.5597
BZD,2025-02-01,2.4793
BZD,2025-03-01,2.5304
BZD,2025-04-01,2.6059
BZD,2025-05-01,2.6707
BZD,2025-06-01,2.6981
BZD,2025-07-01,2.7046
BZD,2025-08-01,2.7224
BZD,2025-09-01,2.7107
BZD,2025-10-01,2.7460
BZD,2025-11-01,2.6831
BZD,2025-12-01,2.6435
BZD,2026-01-01,2.6842
BZD,2026-02-01,2.7015
BZD,2026-03-01,2.7310
BZD,2026-04-01,2.6860
BZD,2026-05-01,2.7191
BZD,2026-06-01,2.6982
BZD,2026-07-01,2.6989
BZD,2026-08-01,2.6915
BZD,2026-09-01,2.7293
BZD,2026-10-01,2.7091
CAD,2025-01-01,1.8203
CAD,2025-02-01,1.7712
CAD,2025-03-01,1.7883
CAD,2025-04-01,1.8585
CAD,2025-05-01,1.8475
CAD,2025-06-01,1.8632
CAD,2025-07-01,1.8373
CAD,2025-08-01,1.8385
CAD,2025-09-01,1.8691
CAD,2025-10-01,1.8773
CAD,2025-11-01,1.8697
CAD,2025-12-01,1.8382
CAD,2026-01-01,1.8382
CAD,2026-02-01,1.8546
CAD,2026-03-01,1.8517
CAD,2026-04-01,1.8290
CAD,2026-05-01,1.8450
CAD,2026-06-01,1.8430
CAD,2026-07-01,1.8781
CAD,2026-08-01,1.8835
CAD,2026-09-01,1.8805
CAD,2026-10-01,1.8758
CDF,2025-01-01,3612.8934
CDF,2025-02-01,3525.3175
CDF,2025-03-01,3601.5808
CDF,2025-04-01,3714.5962
CDF,2025-05-01,3855.8359
CDF,2025-06-01,3889.5421
CDF,2025-07-01,3910.9694
CDF,2025-08-01,3940.3622
CDF,2025-09-01,3910.5818
CDF,2025-10-01,3824.0692
CDF,2025-11-01,3027.7156
CDF,2025-12-01,2986.0494
CDF,2026-01-01,3069.8350
CDF,2026-02-01,2868.5179
CDF,2026-03-01,3136.0212
CDF,2026-04-01,3088.3315
CDF,2026-05-01,3137.0194
CDF,2026-06-01,3075.0434
CDF,2026-07-01,3116.3994
CDF,2026-08-01,3083.1421
CDF,2026-09-01,3102.6266
CDF,2026-10-01,3102.3658
CHF,2025-01-01,1.1359
CHF,2025-02-01,1.1179
CHF,2025-03-01,1.1377
CHF,2025-04-01,1.1406
CHF,2025-05-01,1.0829
CHF,2025-06-01,1.1073
CHF,2025-07-01,1.0996
CHF,2025-08-01,1.0742
CHF,2025-09-01,1.0879
CHF,2025-10-01,1.0737
CHF,2025-11-01,1.0612
CHF,2025-12-01,1.0523
CHF,2026-01-01,1.0625
CHF,2026-02-01,1.0607
CHF,2026-03-01,1.0467
CHF,2026-04-01,1.0497
CHF,2026-05-01,1.0558
CHF,2026-06-01,1.0587
CHF,2026-07-01,1.0630
CHF,2026-08-01,1.0863
CHF,2026-09-01,1.0982
CHF,2026-10-01,1.1020
CLP,2025-01-01,1251.4514
CLP,2025-02-01,1236.3033
CLP,2025-03-01,1196.5341
CLP,2025-04-01,1189.8388
CLP,2025-05-01,1287.5533
CLP,2025-06-01,1264.1527
CLP,2025-07-01,1269.2284
CLP,2025-08-01,1285.4955
CLP,2025-09-01,1297.9842
CLP,2025-10-01,1295.1837
CLP,2025-11-01,1269.6355
CLP,2025-12-01,1221.3103
CLP,2026-01-01,1222.0336
CLP,2026-02-01,1182.5819
CLP,2026-03-01,1175.2905
CLP,2026-04-01,1210.7257
CLP,2026-05-01,1202.0406
CLP,2026-06-01,1211.4339
CLP,2026-07-01,1188.0009
CLP,2026-08-01,1250.6398
CLP,2026-09-01,1255.6630
CLP,2026-10-01,1284.8396
CNY,2025-01-01,9.2567
CNY,2025-02-01,8.9756
CNY,2025-03-01,9.1691
CNY,2025-04-01,9.3845
CNY,2025-05-01,9.6950
CNY,2025-06-01,9.6621
CNY,2025-07-01,9.6694
CNY,2025-08-01,9.6971
CNY,2025-09-01,9.6692
CNY,2025-10-01,9.6954
CNY,2025-11-01,9.4961
CNY,2025-12-01,9.3331
CNY,2026-01-01,9.3891
CNY,2026-02-01,9.3383
CNY,2026-03-01,9.3778
CNY,2026-04-01,9.1842
CNY,2026-05-01,9.2141
CNY,2026-06-01,9.1168
CNY,2026-07-01,9.0598
CNY,2026-08-01,9.0479
CNY,2026-09-01,9.1360
CNY,2026-10-01,9.0274
COP,2025-01-01,5591.2116
COP,2025-02-01,5325.5530
COP,2025-03-01,5150.8182
COP,2025-04-01,5344.0539
COP,2025-05-01,5773.8371
COP,2025-06-01,5592.2966
COP,2025-07-01,5515.1331
COP,2025-08-01,5497.4116
COP,2025-09-01,5433.0398
COP,2025-10-01,5285.8726
COP,2025-11-01,5177.0919
COP,2025-12-01,4883.0857
COP,2026-01-01,5119.4286
COP,2026-02-01,4928.2587
COP,2026-03-01,4959.8660
COP,2026-04-01,4945.0144
COP,2026-05-01,4841.4772
COP,2026-06-01,5085.3478
COP,2026-07-01,4597.9676
COP,2026-08-01,4314.3386
COP,2026-09-01,4201.0874
COP,2026-10-01,4198.0295
CRC,2025-01-01,642.6372
CRC,2025-02-01,620.9587
CRC,2025-03-01,636.8279
CRC,2025-04-01,646.9029
CRC,2025-05-01,667.2625
CRC,2025-06-01,679.7860
CRC,2025-07-01,678.8010
CRC,2025-08-01,683.8438
CRC,2025-09-01,680.9008
CRC,2025-10-01,687.4284
CRC,2025-11-01,669.0129
CRC,2025-12-01,656.6043
CRC,2026-01-01,664.8241
CRC,2026-02-01,655.2632
CRC,2026-03-01,652.7020
CRC,2026-04-01,624.3846
CRC,2026-05-01,615.3656
CRC,2026-06-01,606.1442
CRC,2026-07-01,609.2079
CRC,2026-08-01,606.4354
CRC,2026-09-01,607.1712
CRC,2026-10-01,602.5178
CUP,2025-01-01,30.4547
CUP,2025-02-01,29.6429
CUP,2025-03-01,30.1600
CUP,2025-04-01,31.1352
CUP,2025-05-01,31.8008
CUP,2025-06-01,32.1829
CUP,2025-07-01,32.2556
CUP,2025-08-01,32.4511
CUP,2025-09-01,32.3022
CUP,2025-10-01,32.6915
CUP,2025-11-01,31.9944
CUP,2025-12-01,31.4776
CUP,2026-01-01,32.0041
CUP,2026-02-01,32.1716
CUP,2026-03-01,32.5287
CUP,2026-04-01,31.9742
CUP,2026-05-01,32.3899
CUP,2026-06-01,32.1285
CUP,2026-07-01,32.1762
CUP,2026-08-01,32.0872
CUP,2026-09-01,32.5173
CUP,2026-10-01,32.3035
CVE,2025-01-01,133.4960
CVE,2025-02-01,130.4735
CVE,2025-03-01,133.1244
CVE,2025-04-01,131.1864
CVE,2025-05-01,128.7978
CVE,2025-06-01,130.6267
CVE,2025-07-01,128.8929
CVE,2025-08-01,127.3279
CVE,2025-09-01,127.6178
CVE,2025-10-01,127.1142
CVE,2025-11-01,126.8756
CVE,2025-12-01,124.9187
CVE,2026-01-01,125.5128
CVE,2026-02-01,126.2346
CVE,2026-03-01,126.4654
CVE,2026-04-01,127.5827
CVE,2026-05-01,126.8819
CVE,2026-06-01,127.3601
CVE,2026-07-01,127.5191
CVE,2026-08-01,129.2260
CVE,2026-09-01,128.8046
CVE,2026-10-01,128.6341
CZK,2025-01-01,30.4244
CZK,2025-02-01,29.7569
CZK,2025-03-01,30.3302
CZK,2025-04-01,29.7707
CZK,2025-05-01,29.2074
CZK,2025-06-01,29.4563
CZK,2025-07-01,29.0004
CZK,2025-08-01,28.4239
CZK,2025-09-01,28.3475
CZK,2025-10-01,28.0422
CZK,2025-11-01,27.9675
CZK,2025-12-01,27.3744
CZK,2026-01-01,27.7166
CZK,2026-02-01,27.8732
CZK,2026-03-01,27.8230
CZK,2026-04-01,28.2840
CZK,2026-05-01,28.0162
CZK,2026-06-01,28.0935
CZK,2026-07-01,27.9254
CZK,2026-08-01,28.3253
CZK,2026-09-01,28.2302
CZK,2026-10-01,28.3582
DJF,2025-01-01,226.1341
DJF,2025-02-01,219.7691
DJF,2025-03-01,223.9264
DJF,2025-04-01,230.9767
DJF,2025-05-01,236.2620
DJF,2025-06-01,238.7815
DJF,2025-07-01,239.3919
DJF,2025-08-01,240.8218
DJF,2025-09-01,239.9201
DJF,2025-10-01,242.9588
DJF,2025-11-01,237.3230
DJF,2025-12-01,234.1972
DJF,2026-01-01,237.2656
DJF,2026-02-01,238.7880
DJF,2026-03-01,241.6183
DJF,2026-04-01,237.7001
DJF,2026-05-01,240.4483
DJF,2026-06-01,238.6478
DJF,2026-07-01,238.1723
DJF,2026-08-01,238.0030
DJF,2026-09-01,241.4481
DJF,2026-10-01,239.6100
DKK,2025-01-01,9.0323
DKK,2025-02-01,8.8286
DKK,2025-03-01,9.0048
DKK,2025-04-01,8.8741
DKK,2025-05-01,8.7215
DKK,2025-06-01,8.8363
DKK,2025-07-01,8.7184
DKK,2025-08-01,8.6192
DKK,2025-09-01,8.6395
DKK,2025-10-01,8.6045
DKK,2025-11-01,8.5945
DKK,2025-12-01,8.4616
DKK,2026-01-01,8.5050
DKK,2026-02-01,8.5524
DKK,2026-03-01,8.5688
DKK,2026-04-01,8.6454
DKK,2026-05-01,8.5995
DKK,2026-06-01,8.6314
DKK,2026-07-01,8.6443
DKK,2026-08-01,8.7609
DKK,2026-09-01,8.7326
DKK,2026-10-01,8.7205
DOP,2025-01-01,77.0859
DOP,2025-02-01,75.5922
DOP,2025-03-01,78.2910
DOP,2025-04-01,81.4919
DOP,2025-05-01,81.3684
DOP,2025-06-01,78.9969
DOP,2025-07-01,79.6985
DOP,2025-08-01,81.8727
DOP,2025-09-01,83.2907
DOP,2025-10-01,85.1261
DOP,2025-11-01,84.7088
DOP,2025-12-01,83.9620
DOP,2026-01-01,84.9443
DOP,2026-02-01,84.8014
DOP,2026-03-01,83.7124
DOP,2026-04-01,81.2804
DOP,2026-05-01,81.2844
DOP,2026-06-01,78.8751
DOP,2026-07-01,78.4879
DOP,2026-08-01,77.7899
DOP,2026-09-01,79.6004
DOP,2026-10-01,79.4809
DZD,2025-01-01,170.0711
DZD,2025-02-01,166.8709
DZD,2025-03-01,169.9846
DZD,2025-04-01,173.3375
DZD,2025-05-01,176.0155
DZD,2025-06-01,177.6539
DZD,2025-07-01,175.3105
DZD,2025-08-01,175.6348
DZD,2025-09-01,175.1267
DZD,2025-10-01,176.2988
DZD,2025-11-01,173.9954
DZD,2025-12-01,171.1817
DZD,2026-01-01,172.5507
DZD,2026-02-01,174.1555
DZD,2026-03-01,176.1957
DZD,2026-04-01,176.5340
DZD,2026-05-01,178.7746
DZD,2026-06-01,177.7994
DZD,2026-07-01,178.4608
DZD,2026-08-01,177.9594
DZD,2026-09-01,180.0686
DZD,2026-10-01,179.9788
EGP,2025-01-01,64.6287
EGP,2025-02-01,62.1786
EGP,2025-03-01,63.6856
EGP,2025-04-01,65.7059
EGP,2025-05-01,67.8173
EGP,2025-06-01,66.8675
EGP,2025-07-01,67.9989
EGP,2025-08-01,66.4416
EGP,2025-09-01,65.4818
EGP,2025-10-01,65.7034
EGP,2025-11-01,63.3706
EGP,2025-12-01,62.2092
EGP,2026-01-01,63.4336
EGP,2026-02-01,63.5409
EGP,2026-03-01,63.8203
EGP,2026-04-01,69.9317
EGP,2026-05-01,70.2295
EGP,2026-06-01,71.5380
EGP,2026-07-01,66.9097
EGP,2026-08-01,68.6327
EGP,2026-09-01,68.7116
EGP,2026-10-01,70.0790
ERN,2025-01-01,19.0603
ERN,2025-02-01,18.5348
ERN,2025-03-01,18.8779
ERN,2025-04-01,19.4670
ERN,2025-05-01,19.9062
ERN,2025-06-01,20.1183
ERN,2025-07-01,20.1770
ERN,2025-08-01,20.3112
ERN,2025-09-01,20.2098
ERN,2025-10-01,20.4712
ERN,2025-11-01,19.9915
ERN,2025-12-01,19.6883
ERN,2026-01-01,19.9928
ERN,2026-02-01,20.1146
ERN,2026-03-01,20.3594
ERN,2026-04-01,20.0411
ERN,2026-05-01,20.2525
ERN,2026-06-01,20.0983
ERN,2026-07-01,20.1058
ERN,2026-08-01,20.0508
ERN,2026-09-01,20.3307
ERN,2026-10-01,20.1842
ETB,2025-01-01,161.1543
ETB,2025-02-01,155.6893
ETB,2025-03-01,159.5771
ETB,2025-04-01,167.9902
ETB,2025-05-01,172.7852
ETB,2025-06-01,180.4233
ETB,2025-07-01,181.3219
ETB,2025-08-01,186.9109
ETB,2025-09-01,189.9316
ETB,2025-10-01,196.2956
ETB,2025-11-01,200.0084
ETB,2025-12-01,203.7889
ETB,2026-01-01,207.1892
ETB,2026-02-01,208.5836
ETB,2026-03-01,210.9589
ETB,2026-04-01,208.4139
ETB,2026-05-01,212.5905
ETB,2026-06-01,214.7538
ETB,2026-07-01,216.1295
ETB,2026-08-01,215.7325
ETB,2026-09-01,220.2568
ETB,2026-10-01,217.5070
EUR,2025-01-01,1.2106
EUR,2025-02-01,1.1832
EUR,2025-03-01,1.2073
EUR,2025-04-01,1.1897
EUR,2025-05-01,1.1680
EUR,2025-06-01,1.1846
EUR,2025-07-01,1.1689
EUR,2025-08-01,1.1547
EUR,2025-09-01,1.1573
EUR,2025-10-01,1.1528
EUR,2025-11-01,1.1506
EUR,2025-12-01,1.1328
EUR,2026-01-01,1.1382
EUR,2026-02-01,1.1448
EUR,2026-03-01,1.1469
EUR,2026-04-01,1.1570
EUR,2026-05-01,1.1506
EUR,2026-06-01,1.1550
EUR,2026-07-01,1.1564
EUR,2026-08-01,1.1719
EUR,2026-09-01,1.1681
EUR,2026-10-01,1.1665
FJD,2025-01-01,2.9245
FJD,2025-02-01,2.8560
FJD,2025-03-01,2.8941
FJD,2025-04-01,2.9678
FJD,2025-05-01,3.0397
FJD,2025-06-01,3.0340
FJD,2025-07-01,3.0228
FJD,2025-08-01,3.0300
FJD,2025-09-01,3.0613
FJD,2025-10-01,3.0464
FJD,2025-11-01,3.0631
FJD,2025-12-01,2.9983
FJD,2026-01-01,3.0422
FJD,2026-02-01,3.0435
FJD,2026-03-01,2.9804
FJD,2026-04-01,2.9512
FJD,2026-05-01,2.9643
FJD,2026-06-01,2.9568
FJD,2026-07-01,2.9940
FJD,2026-08-01,2.9874
FJD,2026-09-01,2.9957
FJD,2026-10-01,2.9777
GEL,2025-01-01,3.5565
GEL,2025-02-01,3.5363
GEL,2025-03-01,3.5351
GEL,2025-04-01,3.6027
GEL,2025-05-01,3.6469
GEL,2025-06-01,3.6732
GEL,2025-07-01,3.6653
GEL,2025-08-01,3.6672
GEL,2025-09-01,3.6356
GEL,2025-10-01,3.7077
GEL,2025-11-01,3.6139
GEL,2025-12-01,3.5496
GEL,2026-01-01,3.5901
GEL,2026-02-01,3.6117
GEL,2026-03-01,3.6336
GEL,2026-04-01,3.6248
GEL,2026-05-01,3.6254
GEL,2026-06-01,3.5755
GEL,2026-07-01,3.5488
GEL,2026-08-01,3.5045
GEL,2026-09-01,3.5331
GEL,2026-10-01,3.4980
GHS,2025-01-01,18.6715
GHS,2025-02-01,18.5861
GHS,2025-03-01,19.5135
GHS,2025-04-01,20.1061
GHS,2025-05-01,20.5341
GHS,2025-06-01,16.0405
GHS,2025-07-01,13.8505
GHS,2025-08-01,14.1475
GHS,2025-09-01,14.7387
GHS,2025-10-01,16.7116
GHS,2025-11-01,14.3622
GHS,2025-12-01,14.4535
GHS,2026-01-01,15.3494
GHS,2026-02-01,14.5397
GHS,2026-03-01,14.9283
GHS,2026-04-01,14.5441
GHS,2026-05-01,14.9508
GHS,2026-06-01,15.4690
GHS,2026-07-01,15.0157
GHS,2026-08-01,15.5267
GHS,2026-09-01,15.0251
GHS,2026-10-01,15.4436
GMD,2025-01-01,91.8012
GMD,2025-02-01,89.3111
GMD,2025-03-01,90.7412
GMD,2025-04-01,93.5314
GMD,2025-05-01,95.7406
GMD,2025-06-01,97.4053
GMD,2025-07-01,97.1303
GMD,2025-08-01,97.7436
GMD,2025-09-01,97.8511
GMD,2025-10-01,98.7314
GMD,2025-11-01,97.0588
GMD,2025-12-01,96.6410
GMD,2026-01-01,98.4620
GMD,2026-02-01,99.1270
GMD,2026-03-01,100.2159
GMD,2026-04-01,98.7878
GMD,2026-05-01,99.6976
GMD,2026-06-01,98.4567
GMD,2026-07-01,98.6249
GMD,2026-08-01,98.7774
GMD,2026-09-01,101.1439
GMD,2026-10-01,99.5772
GNF,2025-01-01,10967.7259
GNF,2025-02-01,10674.9657
GNF,2025-03-01,10886.0600
GNF,2025-04-01,11224.7186
GNF,2025-05-01,11488.9791
GNF,2025-06-01,11621.8263
GNF,2025-07-01,11661.3175
GNF,2025-08-01,11755.6536
GNF,2025-09-01,11692.4205
GNF,2025-10-01,11834.5378
GNF,2025-11-01,11573.3053
GNF,2025-12-01,11410.1642
GNF,2026-01-01,11632.3279
GNF,2026-02-01,11745.3061
GNF,2026-03-01,11915.3284
GNF,2026-04-01,11703.9431
GNF,2026-05-01,11859.5525
GNF,2026-06-01,11759.3173
GNF,2026-07-01,11743.7801
GNF,2026-08-01,11726.9754
GNF,2026-09-01,11928.8192
GNF,2026-10-01,11842.4924
GTQ,2025-01-01,9.7813
GTQ,2025-02-01,9.5448
GTQ,2025-03-01,9.7094
GTQ,2025-04-01,9.9989
GTQ,2025-05-01,10.2220
GTQ,2025-06-01,10.2951
GTQ,2025-07-01,10.3279
GTQ,2025-08-01,10.3897
GTQ,2025-09-01,10.3262
GTQ,2025-10-01,10.4477
GTQ,2025-11-01,10.2094
GTQ,2025-12-01,10.0542
GTQ,2026-01-01,10.2108
GTQ,2026-02-01,10.2842
GTQ,2026-03-01,10.4066
GTQ,2026-04-01,10.2252
GTQ,2026-05-01,10.3216
GTQ,2026-06-01,10.2135
GTQ,2026-07-01,10.2163
GTQ,2026-08-01,10.1958
GTQ,2026-09-01,10.3397
GTQ,2026-10-01,10.2705
GYD,2025-01-01,264.9313
GYD,2025-02-01,257.9371
GYD,2025-03-01,262.5026
GYD,2025-04-01,271.6352
GYD,2025-05-01,277.4780
GYD,2025-06-01,281.3466
GYD,2025-07-01,281.1856
GYD,2025-08-01,283.1488
GYD,2025-09-01,281.9886
GYD,2025-10-01,285.4834
GYD,2025-11-01,278.7644
GYD,2025-12-01,274.6965
GYD,2026-01-01,279.2133
GYD,2026-02-01,280.3604
GYD,2026-03-01,283.8215
GYD,2026-04-01,278.7393
GYD,2026-05-01,282.6120
GYD,2026-06-01,280.2810
GYD,2026-07-01,280.5238
GYD,2026-08-01,279.6097
GYD,2026-09-01,283.4944
GYD,2026-10-01,281.4221
HKD,2025-01-01,9.8746
HKD,2025-02-01,9.6231
HKD,2025-03-01,9.7879
HKD,2025-04-01,10.0844
HKD,2025-05-01,10.2995
HKD,2025-06-01,10.5043
HKD,2025-07-01,10.5590
HKD,2025-08-01,10.6295
HKD,2025-09-01,10.5283
HKD,2025-10-01,10.6122
HKD,2025-11-01,10.3561
HKD,2025-12-01,10.2200
HKD,2026-01-01,10.3688
HKD,2026-02-01,10.4561
HKD,2026-03-01,10.6081
HKD,2026-04-01,10.4729
HKD,2026-05-01,10.5747
HKD,2026-06-01,10.4952
HKD,2026-07-01,10.5029
HKD,2026-08-01,10.4805
HKD,2026-09-01,10.6284
HKD,2026-10-01,10.5562
HNL,2025-01-01,32.2229
HNL,2025-02-01,31.4142
HNL,2025-03-01,32.1522
HNL,2025-04-01,33.2491
HNL,2025-05-01,34.3929
HNL,2025-06-01,34.9044
HNL,2025-07-01,35.1665
HNL,2025-08-01,35.4584
HNL,2025-09-01,35.3015
HNL,2025-10-01,35.7519
HNL,2025-11-01,35.0415
HNL,2025-12-01,34.5488
HNL,2026-01-01,35.1385
HNL,2026-02-01,35.3788
HNL,2026-03-01,35.9036
HNL,2026-04-01,35.3598
HNL,2026-05-01,35.8787
HNL,2026-06-01,35.6401
HNL,2026-07-01,35.7842
HNL,2026-08-01,35.7968
HNL,2026-09-01,36.3521
HNL,2026-10-01,36.1520
HTG,2025-01-01,166.1645
HTG,2025-02-01,161.2690
HTG,2025-03-01,164.4098
HTG,2025-04-01,170.4089
HTG,2025-05-01,173.1226
HTG,2025-06-01,175.5305
HTG,2025-07-01,176.2477
HTG,2025-08-01,177.6177
HTG,2025-09-01,176.3136
HTG,2025-10-01,178.3049
HTG,2025-11-01,174.6031
HTG,2025-12-01,172.2254
HTG,2026-01-01,174.7190
HTG,2026-02-01,176.2739
HTG,2026-03-01,177.8185
HTG,2026-04-01,174.7610
HTG,2026-05-01,176.9289
HTG,2026-06-01,175.4394
HTG,2026-07-01,175.1722
HTG,2026-08-01,174.7475
HTG,2026-09-01,178.0068
HTG,2026-10-01,175.9225
HUF,2025-01-01,497.3167
HUF,2025-02-01,486.1380
HUF,2025-03-01,486.1053
HUF,2025-04-01,473.7936
HUF,2025-05-01,476.0548
HUF,2025-06-01,476.3399
HUF,2025-07-01,471.7446
HUF,2025-08-01,460.7461
HUF,2025-09-01,456.6978
HUF,2025-10-01,449.6306
HUF,2025-11-01,448.0793
HUF,2025-12-01,433.3110
HUF,2026-01-01,440.9015
HUF,2026-02-01,441.4045
HUF,2026-03-01,433.6716
HUF,2026-04-01,451.4041
HUF,2026-05-01,420.0307
HUF,2026-06-01,417.5971
HUF,2026-07-01,404.1728
HUF,2026-08-01,426.6463
HUF,2026-09-01,426.0650
HUF,2026-10-01,425.2162
IDR,2025-01-01,20468.8499
IDR,2025-02-01,20027.9883
IDR,2025-03-01,20618.0248
IDR,2025-04-01,21445.2502
IDR,2025-05-01,22297.9877
IDR,2025-06-01,21904.0141
IDR,2025-07-01,21978.8193
IDR,2025-08-01,22062.5141
IDR,2025-09-01,21931.5575
IDR,2025-10-01,22459.9163
IDR,2025-11-01,22152.2866
IDR,2025-12-01,21950.6920
IDR,2026-01-01,22258.0334
IDR,2026-02-01,22698.2187
IDR,2026-03-01,22919.4796
IDR,2026-04-01,22658.6739
IDR,2026-05-01,23226.7346
IDR,2026-06-01,23701.7533
IDR,2026-07-01,23858.7893
IDR,2026-08-01,23940.4179
IDR,2026-09-01,24169.7051
IDR,2026-10-01,23773.0976
ILS,2025-01-01,4.5508
ILS,2025-02-01,4.3818
ILS,2025-03-01,4.4633
ILS,2025-04-01,4.7628
ILS,2025-05-01,4.8879
ILS,2025-06-01,4.7629
ILS,2025-07-01,4.7044
ILS,2025-08-01,4.5128
ILS,2025-09-01,4.5803
ILS,2025-10-01,4.5622
ILS,2025-11-01,4.3977
ILS,2025-12-01,4.2894
ILS,2026-01-01,4.2944
ILS,2026-02-01,4.2575
ILS,2026-03-01,4.1994
ILS,2026-04-01,4.1293
ILS,2026-05-01,4.0530
ILS,2026-06-01,3.9171
ILS,2026-07-01,3.9152
ILS,2026-08-01,4.0939
ILS,2026-09-01,4.0501
ILS,2026-10-01,4.0783
INR,2025-01-01,107.9353
INR,2025-02-01,106.7843
INR,2025-03-01,109.3298
INR,2025-04-01,112.0633
INR,2025-05-01,113.6384
INR,2025-06-01,114.7937
INR,2025-07-01,116.2816
INR,2025-08-01,117.0133
INR,2025-09-01,117.3193
INR,2025-10-01,119.8786
INR,2025-11-01,116.9491
INR,2025-12-01,116.2366
INR,2026-01-01,120.4728
INR,2026-02-01,122.8717
INR,2026-03-01,123.0663
INR,2026-04-01,123.8811
INR,2026-05-01,126.5860
INR,2026-06-01,129.7582
INR,2026-07-01,126.7039
INR,2026-08-01,129.0145
INR,2026-09-01,129.7270
INR,2026-10-01,129.0581
IQD,2025-01-01,1662.7077
IQD,2025-02-01,1612.2474
IQD,2025-03-01,1648.2163
IQD,2025-04-01,1697.3186
IQD,2025-05-01,1738.3204
IQD,2025-06-01,1753.6147
IQD,2025-07-01,1762.1718
IQD,2025-08-01,1770.6814
IQD,2025-09-01,1764.9052
IQD,2025-10-01,1789.2232
IQD,2025-11-01,1743.9098
IQD,2025-12-01,1720.8643
IQD,2026-01-01,1748.7546
IQD,2026-02-01,1757.4610
IQD,2026-03-01,1777.5131
IQD,2026-04-01,1745.3754
IQD,2026-05-01,1769.9530
IQD,2026-06-01,1755.8017
IQD,2026-07-01,1756.1304
IQD,2026-08-01,1751.2405
IQD,2026-09-01,1775.9198
IQD,2026-10-01,1763.3813
ISK,2025-01-01,175.1866
ISK,2025-02-01,173.3485
ISK,2025-03-01,177.1133
ISK,2025-04-01,173.1123
ISK,2025-05-01,169.7241
ISK,2025-06-01,171.3008
ISK,2025-07-01,167.8591
ISK,2025-08-01,164.2019
ISK,2025-09-01,165.9613
ISK,2025-10-01,164.6149
ISK,2025-11-01,163.1603
ISK,2025-12-01,166.3575
ISK,2026-01-01,168.4664
ISK,2026-02-01,167.3542
ISK,2026-03-01,166.1898
ISK,2026-04-01,166.0916
ISK,2026-05-01,165.4727
ISK,2026-06-01,165.6370
ISK,2026-07-01,167.0002
ISK,2026-08-01,167.5923
ISK,2026-09-01,166.1086
ISK,2026-10-01,163.0905
JMD,2025-01-01,198.6574
JMD,2025-02-01,194.8448
JMD,2025-03-01,198.3261
JMD,2025-04-01,203.0855
JMD,2025-05-01,209.5604
JMD,2025-06-01,213.3224
JMD,2025-07-01,213.9185
JMD,2025-08-01,216.8967
JMD,2025-09-01,215.6084
JMD,2025-10-01,218.9310
JMD,2025-11-01,214.3965
JMD,2025-12-01,210.8915
JMD,2026-01-01,213.8874
JMD,2026-02-01,210.9816
JMD,2026-03-01,211.7018
JMD,2026-04-01,209.5832
JMD,2026-05-01,213.9759
JMD,2026-06-01,212.0409
JMD,2026-07-01,212.4164
JMD,2026-08-01,212.1160
JMD,2026-09-01,214.0123
JMD,2026-10-01,212.3121
JOD,2025-01-01,0.9009
JOD,2025-02-01,0.8761
JOD,2025-03-01,0.8923
JOD,2025-04-01,0.9201
JOD,2025-05-01,0.9409
JOD,2025-06-01,0.9509
JOD,2025-07-01,0.9537
JOD,2025-08-01,0.9600
JOD,2025-09-01,0.9553
JOD,2025-10-01,0.9676
JOD,2025-11-01,0.9449
JOD,2025-12-01,0.9306
JOD,2026-01-01,0.9450
JOD,2026-02-01,0.9508
JOD,2026-03-01,0.9623
JOD,2026-04-01,0.9473
JOD,2026-05-01,0.9573
JOD,2026-06-01,0.9500
JOD,2026-07-01,0.9503
JOD,2026-08-01,0.9477
JOD,2026-09-01,0.9610
JOD,2026-10-01,0.9540
JPY,2025-01-01,195.2761
JPY,2025-02-01,192.6188
JPY,2025-03-01,191.1158
JPY,2025-04-01,194.4474
JPY,2025-05-01,189.3407
JPY,2025-06-01,192.8257
JPY,2025-07-01,194.8485
JPY,2025-08-01,197.9633
JPY,2025-09-01,198.7858
JPY,2025-10-01,199.7140
JPY,2025-11-01,202.2715
JPY,2025-12-01,204.8929
JPY,2026-01-01,207.3164
JPY,2026-02-01,211.7892
JPY,2026-03-01,208.6276
JPY,2026-04-01,212.3977
JPY,2026-05-01,215.0285
JPY,2026-06-01,213.0943
JPY,2026-07-01,214.8908
JPY,2026-08-01,217.9907
JPY,2026-09-01,215.6954
JPY,2026-10-01,208.5932
KES,2025-01-01,164.1779
KES,2025-02-01,159.7427
KES,2025-03-01,162.8423
KES,2025-04-01,167.9084
KES,2025-05-01,171.9482
KES,2025-06-01,173.3049
KES,2025-07-01,173.7749
KES,2025-08-01,174.9297
KES,2025-09-01,174.0885
KES,2025-10-01,176.2807
KES,2025-11-01,172.1643
KES,2025-12-01,170.5808
KES,2026-01-01,171.8066
KES,2026-02-01,173.0081
KES,2026-03-01,175.0989
KES,2026-04-01,173.1182
KES,2026-05-01,174.4133
KES,2026-06-01,173.5338
KES,2026-07-01,173.5870
KES,2026-08-01,172.9979
KES,2026-09-01,175.4718
KES,2026-10-01,174.3866
KGS,2025-01-01,110.3186
KGS,2025-02-01,108.0580
KGS,2025-03-01,110.3835
KGS,2025-04-01,113.5638
KGS,2025-05-01,116.0917
KGS,2025-06-01,117.3220
KGS,2025-07-01,117.6642
KGS,2025-08-01,118.4469
KGS,2025-09-01,117.8443
KGS,2025-10-01,119.3645
KGS,2025-11-01,116.5703
KGS,2025-12-01,114.8368
KGS,2026-01-01,116.5748
KGS,2026-02-01,117.2714
KGS,2026-03-01,118.7076
KGS,2026-04-01,116.8594
KGS,2026-05-01,118.1876
KGS,2026-06-01,117.2027
KGS,2026-07-01,117.2248
KGS,2026-08-01,116.8827
KGS,2026-09-01,119.0482
KGS,2026-10-01,117.6862
KHR,2025-01-01,5104.0549
KHR,2025-02-01,4969.4385
KHR,2025-03-01,5046.5374
KHR,2025-04-01,5202.2417
KHR,2025-05-01,5312.3367
KHR,2025-06-01,5368.5830
KHR,2025-07-01,5406.6398
KHR,2025-08-01,5426.5458
KHR,2025-09-01,5397.4816
KHR,2025-10-01,5464.2938
KHR,2025-11-01,5373.9380
KHR,2025-12-01,5257.4325
KHR,2026-01-01,5343.3220
KHR,2026-02-01,5395.9783
KHR,2026-03-01,5452.0894
KHR,2026-04-01,5346.7379
KHR,2026-05-01,5405.5289
KHR,2026-06-01,5392.0818
KHR,2026-07-01,5381.3503
KHR,2026-08-01,5399.6005
KHR,2026-09-01,5480.8904
KHR,2026-10-01,5449.4543
KMF,2025-01-01,595.5901
KMF,2025-02-01,582.1053
KMF,2025-03-01,593.9321
KMF,2025-04-01,585.2858
KMF,2025-05-01,574.6290
KMF,2025-06-01,582.7890
KMF,2025-07-01,575.0536
KMF,2025-08-01,568.0711
KMF,2025-09-01,569.3648
KMF,2025-10-01,567.1177
KMF,2025-11-01,566.0533
KMF,2025-12-01,557.3228
KMF,2026-01-01,559.9734
KMF,2026-02-01,563.1936
KMF,2026-03-01,564.2231
KMF,2026-04-01,569.2082
KMF,2026-05-01,566.0815
KMF,2026-06-01,568.2148
KMF,2026-07-01,568.9245
KMF,2026-08-01,576.5395
KMF,2026-09-01,574.6595
KMF,2026-10-01,573.8990
KRW,2025-01-01,1826.2589
KRW,2025-02-01,1770.7726
KRW,2025-03-01,1814.7341
KRW,2025-04-01,1892.7175
KRW,2025-05-01,1881.6926
KRW,2025-06-01,1847.5864
KRW,2025-07-01,1850.5834
KRW,2025-08-01,1862.2267
KRW,2025-09-01,1885.3408
KRW,2025-10-01,1880.7210
KRW,2025-11-01,1909.4799
KRW,2025-12-01,1924.4352
KRW,2026-01-01,1972.0638
KRW,2026-02-01,1966.8143
KRW,2026-03-01,1962.6581
KRW,2026-04-01,1993.1348
KRW,2026-05-01,1995.9880
KRW,2026-06-01,2018.2141
KRW,2026-07-01,2033.9293
KRW,2026-08-01,1979.0292
KRW,2026-09-01,1887.0789
KRW,2026-10-01,1840.2900
KWD,2025-01-01,0.3909
KWD,2025-02-01,0.3809
KWD,2025-03-01,0.3887
KWD,2025-04-01,0.3997
KWD,2025-05-01,0.4069
KWD,2025-06-01,0.4116
KWD,2025-07-01,0.4120
KWD,2025-08-01,0.4132
KWD,2025-09-01,0.4118
KWD,2025-10-01,0.4162
KWD,2025-11-01,0.4086
KWD,2025-12-01,0.4031
KWD,2026-01-01,0.4091
KWD,2026-02-01,0.4120
KWD,2026-03-01,0.4160
KWD,2026-04-01,0.4097
KWD,2026-05-01,0.4159
KWD,2026-06-01,0.4144
KWD,2026-07-01,0.4124
KWD,2026-08-01,0.4145
KWD,2026-09-01,0.4182
KWD,2026-10-01,0.4151
KYD,2025-01-01,1.0508
KYD,2025-02-01,1.0222
KYD,2025-03-01,1.0411
KYD,2025-04-01,1.0778
KYD,2025-05-01,1.1003
KYD,2025-06-01,1.1153
KYD,2025-07-01,1.1178
KYD,2025-08-01,1.1228
KYD,2025-09-01,1.1173
KYD,2025-10-01,1.1342
KYD,2025-11-01,1.1083
KYD,2025-12-01,1.0886
KYD,2026-01-01,1.1085
KYD,2026-02-01,1.1115
KYD,2026-03-01,1.1254
KYD,2026-04-01,1.1106
KYD,2026-05-01,1.1200
KYD,2026-06-01,1.1146
KYD,2026-07-01,1.1149
KYD,2026-08-01,1.1117
KYD,2026-09-01,1.1240
KYD,2026-10-01,1.1191
KZT,2025-01-01,663.8077
KZT,2025-02-01,644.0917
KZT,2025-03-01,631.7082
KZT,2025-04-01,653.8008
KZT,2025-05-01,695.0592
KZT,2025-06-01,682.8432
KZT,2025-07-01,699.0896
KZT,2025-08-01,729.4464
KZT,2025-09-01,725.4476
KZT,2025-10-01,738.9178
KZT,2025-11-01,718.0977
KZT,2025-12-01,680.7221
KZT,2026-01-01,685.5603
KZT,2026-02-01,679.4008
KZT,2026-03-01,663.7488
KZT,2026-04-01,644.6143
KZT,2026-05-01,626.0416
KZT,2026-06-01,633.0363
KZT,2026-07-01,654.4579
KZT,2026-08-01,624.7684
KZT,2026-09-01,625.7246
KZT,2026-10-01,599.9257
LAK,2025-01-01,27849.9327
LAK,2025-02-01,26892.9078
LAK,2025-03-01,27365.5886
LAK,2025-04-01,28088.4300
LAK,2025-05-01,28746.2295
LAK,2025-06-01,28943.4141
LAK,2025-07-01,28983.4388
LAK,2025-08-01,29247.1598
LAK,2025-09-01,29133.7994
LAK,2025-10-01,29482.1975
LAK,2025-11-01,28968.8874
LAK,2025-12-01,28435.2205
LAK,2026-01-01,28967.9228
LAK,2026-02-01,28994.4822
LAK,2026-03-01,29075.7124
LAK,2026-04-01,28648.8504
LAK,2026-05-01,29772.1695
LAK,2026-06-01,29386.3161
LAK,2026-07-01,29526.2714
LAK,2026-08-01,30210.7962
LAK,2026-09-01,30446.0981
LAK,2026-10-01,30129.4728
LBP,2025-01-01,113900.5441
LBP,2025-02-01,110837.2952
LBP,2025-03-01,113170.8550
LBP,2025-04-01,116423.3883
LBP,2025-05-01,119029.4777
LBP,2025-06-01,120296.6517
LBP,2025-07-01,120688.5547
LBP,2025-08-01,121463.1841
LBP,2025-09-01,121167.6963
LBP,2025-10-01,122154.4390
LBP,2025-11-01,119449.4070
LBP,2025-12-01,117965.0934
LBP,2026-01-01,119710.1830
LBP,2026-02-01,120447.3911
LBP,2026-03-01,121666.7219
LBP,2026-04-01,119378.7110
LBP,2026-05-01,121259.5736
LBP,2026-06-01,120288.3536
LBP,2026-07-01,120226.1600
LBP,2026-08-01,119912.1356
LBP,2026-09-01,121724.8360
LBP,2026-10-01,120673.0108
LKR,2025-01-01,369.8168
LKR,2025-02-01,367.6559
LKR,2025-03-01,372.8467
LKR,2025-04-01,384.5156
LKR,2025-05-01,395.9574
LKR,2025-06-01,401.9385
LKR,2025-07-01,404.1049
LKR,2025-08-01,408.4396
LKR,2025-09-01,406.4120
LKR,2025-10-01,411.6527
LKR,2025-11-01,404.1991
LKR,2025-12-01,404.3503
LKR,2026-01-01,412.7749
LKR,2026-02-01,415.2575
LKR,2026-03-01,419.7872
LKR,2026-04-01,415.4710
LKR,2026-05-01,428.4550
LKR,2026-06-01,451.4740
LKR,2026-07-01,446.7496
LKR,2026-08-01,449.5212
LKR,2026-09-01,448.6733
LKR,2026-10-01,445.8920
LRD,2025-01-01,229.4899
LRD,2025-02-01,241.1890
LRD,2025-03-01,251.0448
LRD,2025-04-01,259.3319
LRD,2025-05-01,265.3519
LRD,2025-06-01,268.1517
LRD,2025-07-01,268.9934
LRD,2025-08-01,271.4338
LRD,2025-09-01,270.1405
LRD,2025-10-01,241.8688
LRD,2025-11-01,243.9721
LRD,2025-12-01,237.0998
LRD,2026-01-01,236.2071
LRD,2026-02-01,247.0458
LRD,2026-03-01,252.2116
LRD,2026-04-01,243.8756
LRD,2026-05-01,248.5565
LRD,2026-06-01,245.2634
LRD,2026-07-01,244.9426
LRD,2026-08-01,241.9123
LRD,2026-09-01,246.0725
LRD,2026-10-01,233.5290
LSL,2025-01-01,22.9334
LSL,2025-02-01,22.8235
LSL,2025-03-01,23.2761
LSL,2025-04-01,23.5434
LSL,2025-05-01,25.0169
LSL,2025-06-01,23.9960
LSL,2025-07-01,24.3205
LSL,2025-08-01,23.7688
LSL,2025-09-01,23.8653
LSL,2025-10-01,23.7261
LSL,2025-11-01,23.2813
LSL,2025-12-01,22.5147
LSL,2026-01-01,22.3175
LSL,2026-02-01,21.9330
LSL,2026-03-01,21.7264
LSL,2026-04-01,22.3066
LSL,2026-05-01,22.2442
LSL,2026-06-01,22.2464
LSL,2026-07-01,21.7587
LSL,2026-08-01,22.0219
LSL,2026-09-01,22.0287
LSL,2026-10-01,21.8950
LYD,2025-01-01,6.2030
LYD,2025-02-01,6.1040
LYD,2025-03-01,6.1766
LYD,2025-04-01,6.2431
LYD,2025-05-01,7.3786
LYD,2025-06-01,7.4091
LYD,2025-07-01,7.3111
LYD,2025-08-01,7.3320
LYD,2025-09-01,7.3058
LYD,2025-10-01,7.3448
LYD,2025-11-01,7.2397
LYD,2025-12-01,7.1618
LYD,2026-01-01,7.2305
LYD,2026-02-01,7.4717
LYD,2026-03-01,8.5522
LYD,2026-04-01,8.5288
LYD,2026-05-01,8.5419
LYD,2026-06-01,8.5295
LYD,2026-07-01,8.5280
LYD,2026-08-01,8.5770
LYD,2026-09-01,8.6289
LYD,2026-10-01,8.5487
MAD,2025-01-01,12.6909
MAD,2025-02-01,12.3339
MAD,2025-03-01,12.5669
MAD,2025-04-01,12.5058
MAD,2025-05-01,12.3211
MAD,2025-06-01,12.3790
MAD,2025-07-01,12.2979
MAD,2025-08-01,12.1789
MAD,2025-09-01,12.1532
MAD,2025-10-01,12.2555
MAD,2025-11-01,12.3358
MAD,2025-12-01,12.1440
MAD,2026-01-01,12.2191
MAD,2026-02-01,12.3185
MAD,2026-03-01,12.4150
MAD,2026-04-01,12.5072
MAD,2026-05-01,12.4855
MAD,2026-06-01,12.3861
MAD,2026-07-01,12.3989
MAD,2026-08-01,12.5477
MAD,2026-09-01,12.5896
MAD,2026-10-01,12.7113
MDL,2025-01-01,23.2049
MDL,2025-02-01,23.1797
MDL,2025-03-01,23.4986
MDL,2025-04-01,23.5460
MDL,2025-05-01,23.5035
MDL,2025-06-01,23.3548
MDL,2025-07-01,23.0136
MDL,2025-08-01,22.9296
MDL,2025-09-01,22.5793
MDL,2025-10-01,22.6387
MDL,2025-11-01,22.6645
MDL,2025-12-01,22.2585
MDL,2026-01-01,22.4731
MDL,2026-02-01,22.8349
MDL,2026-03-01,23.0881
MDL,2026-04-01,23.2389
MDL,2026-05-01,23.1730
MDL,2026-06-01,23.2928
MDL,2026-07-01,23.3554
MDL,2026-08-01,23.5148
MDL,2026-09-01,23.3497
MDL,2026-10-01,23.4579
MGA,2025-01-01,5991.9743
MGA,2025-02-01,5777.5099
MGA,2025-03-01,5968.4995
MGA,2025-04-01,6046.8884
MGA,2025-05-01,6059.0670
MGA,2025-06-01,6036.0976
MGA,2025-07-01,6061.3921
MGA,2025-08-01,5982.5034
MGA,2025-09-01,5944.4645
MGA,2025-10-01,6008.4537
MGA,2025-11-01,5975.7924
MGA,2025-12-01,5890.8664
MGA,2026-01-01,6017.2264
MGA,2026-02-01,6155.7402
MGA,2026-03-01,5931.8392
MGA,2026-04-01,5547.4509
MGA,2026-05-01,5603.6508
MGA,2026-06-01,5628.5651
MGA,2026-07-01,5622.3909
MGA,2026-08-01,5702.5645
MGA,2026-09-01,5840.9738
MGA,2026-10-01,5876.2364
MKD,2025-01-01,74.4466
MKD,2025-02-01,72.7629
MKD,2025-03-01,74.1551
MKD,2025-04-01,73.1745
MKD,2025-05-01,71.8368
MKD,2025-06-01,72.7702
MKD,2025-07-01,71.9331
MKD,2025-08-01,71.2078
MKD,2025-09-01,71.1645
MKD,2025-10-01,71.0707
MKD,2025-11-01,70.8402
MKD,2025-12-01,69.7211
MKD,2026-01-01,70.0000
MKD,2026-02-01,70.5008
MKD,2026-03-01,70.6928
MKD,2026-04-01,71.3755
MKD,2026-05-01,70.8756
MKD,2026-06-01,71.2095
MKD,2026-07-01,71.2852
MKD,2026-08-01,72.1754
MKD,2026-09-01,72.0013
MKD,2026-10-01,71.7669
MMK,2025-01-01,2666.9247
MMK,2025-02-01,2593.4498
MMK,2025-03-01,2641.5068
MMK,2025-04-01,2723.7515
MMK,2025-05-01,2785.3967
MMK,2025-06-01,2816.2039
MMK,2025-07-01,2824.0340
MMK,2025-08-01,2842.2635
MMK,2025-09-01,2828.5433
MMK,2025-10-01,2865.0089
MMK,2025-11-01,2798.0065
MMK,2025-12-01,2756.2148
MMK,2026-01-01,2798.6746
MMK,2026-02-01,2816.0268
MMK,2026-03-01,2849.5618
MMK,2026-04-01,2805.5492
MMK,2026-05-01,2835.0327
MMK,2026-06-01,2813.1155
MMK,2026-07-01,2814.6131
MMK,2026-08-01,2806.6019
MMK,2026-09-01,2845.7081
MMK,2026-10-01,2825.3238
MNT,2025-01-01,4361.6877
MNT,2025-02-01,4246.8346
MNT,2025-03-01,4358.0099
MNT,2025-04-01,4509.9609
MNT,2025-05-01,4703.2879
MNT,2025-06-01,4793.6871
MNT,2025-07-01,4818.1926
MNT,2025-08-01,4859.2103
MNT,2025-09-01,4842.7810
MNT,2025-10-01,4908.0112
MNT,2025-11-01,4792.6727
MNT,2025-12-01,4685.5492
MNT,2026-01-01,4730.1387
MNT,2026-02-01,4782.2642
MNT,2026-03-01,4843.9745
MNT,2026-04-01,4770.5953
MNT,2026-05-01,4831.6693
MNT,2026-06-01,4794.0933
MNT,2026-07-01,4798.0092
MNT,2026-08-01,4799.6502
MNT,2026-09-01,4875.1363
MNT,2026-10-01,4842.1776
MOP,2025-01-01,10.1708
MOP,2025-02-01,9.9118
MOP,2025-03-01,10.0815
MOP,2025-04-01,10.3869
MOP,2025-05-01,10.6085
MOP,2025-06-01,10.8194
MOP,2025-07-01,10.8757
MOP,2025-08-01,10.9484
MOP,2025-09-01,10.8441
MOP,2025-10-01,10.9306
MOP,2025-11-01,10.6667
MOP,2025-12-01,10.5266
MOP,2026-01-01,10.6799
MOP,2026-02-01,10.7697
MOP,2026-03-01,10.9263
MOP,2026-04-01,10.7871
MOP,2026-05-01,10.8919
MOP,2026-06-01,10.8100
MOP,2026-07-01,10.8179
MOP,2026-08-01,10.7949
MOP,2026-09-01,10.9472
MOP,2026-10-01,10.8729
MRU,2025-01-01,50.5163
MRU,2025-02-01,49.0109
MRU,2025-03-01,50.1434
MRU,2025-04-01,51.5387
MRU,2025-05-01,52.4740
MRU,2025-06-01,53.0774
MRU,2025-07-01,53.2897
MRU,2025-08-01,53.8916
MRU,2025-09-01,53.5527
MRU,2025-10-01,54.3976
MRU,2025-11-01,53.3270
MRU,2025-12-01,52.1296
MRU,2026-01-01,52.9145
MRU,2026-02-01,53.3763
MRU,2026-03-01,54.1425
MRU,2026-04-01,53.3043
MRU,2026-05-01,53.8289
MRU,2026-06-01,53.4399
MRU,2026-07-01,53.6515
MRU,2026-08-01,53.3836
MRU,2026-09-01,54.2669
MRU,2026-10-01,53.8073
MUR,2025-01-01,59.1664
MUR,2025-02-01,57.4199
MUR,2025-03-01,58.5157
MUR,2025-04-01,58.1809
MUR,2025-05-01,59.9485
MUR,2025-06-01,61.2380
MUR,2025-07-01,61.4321
MUR,2025-08-01,61.3930
MUR,2025-09-01,61.8075
MUR,2025-10-01,61.5259
MUR,2025-11-01,60.5719
MUR,2025-12-01,60.2630
MUR,2026-01-01,61.3525
MUR,2026-02-01,61.7218
MUR,2026-03-01,62.4217
MUR,2026-04-01,62.1298
MUR,2026-05-01,62.8037
MUR,2026-06-01,63.5078
MUR,2026-07-01,63.1726
MUR,2026-08-01,63.1965
MUR,2026-09-01,63.6726
MUR,2026-10-01,63.5894
MVR,2025-01-01,19.6192
MVR,2025-02-01,19.0845
MVR,2025-03-01,19.4336
MVR,2025-04-01,20.0403
MVR,2025-05-01,20.4946
MVR,2025-06-01,20.7346
MVR,2025-07-01,20.7771
MVR,2025-08-01,20.9118
MVR,2025-09-01,20.8075
MVR,2025-10-01,21.0244
MVR,2025-11-01,20.5399
MVR,2025-12-01,20.2597
MVR,2026-01-01,20.5760
MVR,2026-02-01,20.7308
MVR,2026-03-01,20.9555
MVR,2026-04-01,20.6548
MVR,2026-05-01,20.8729
MVR,2026-06-01,20.6852
MVR,2026-07-01,20.7214
MVR,2026-08-01,20.6650
MVR,2026-09-01,20.9532
MVR,2026-10-01,20.7825
MWK,2025-01-01,2200.0816
MWK,2025-02-01,2136.1936
MWK,2025-03-01,2181.3451
MWK,2025-04-01,2247.6505
MWK,2025-05-01,2300.6089
MWK,2025-06-01,2325.5545
MWK,2025-07-01,2332.1292
MWK,2025-08-01,2347.5940
MWK,2025-09-01,2336.4307
MWK,2025-10-01,2363.9631
MWK,2025-11-01,2311.2290
MWK,2025-12-01,2277.1723
MWK,2026-01-01,2313.5465
MWK,2026-02-01,2325.3627
MWK,2026-03-01,2353.1593
MWK,2026-04-01,2311.8500
MWK,2026-05-01,2341.3971
MWK,2026-06-01,2324.1666
MWK,2026-07-01,2329.7350
MWK,2026-08-01,2317.8777
MWK,2026-09-01,2349.8064
MWK,2026-10-01,2334.0767
MXN,2025-01-01,25.6033
MXN,2025-02-01,25.4117
MXN,2025-03-01,25.5338
MXN,2025-04-01,25.8856
MXN,2025-05-01,26.5967
MXN,2025-06-01,25.8736
MXN,2025-07-01,25.4997
MXN,2025-08-01,25.2617
MXN,2025-09-01,25.3378
MXN,2025-10-01,24.9720
MXN,2025-11-01,24.5381
MXN,2025-12-01,24.0402
MXN,2026-01-01,23.9708
MXN,2026-02-01,23.5452
MXN,2026-03-01,23.2158
MXN,2026-04-01,23.5397
MXN,2026-05-01,23.3876
MXN,2026-06-01,23.2834
MXN,2026-07-01,23.0715
MXN,2026-08-01,23.2925
MXN,2026-09-01,23.0987
MXN,2026-10-01,23.0642
MYR,2025-01-01,5.6792
MYR,2025-02-01,5.4825
MYR,2025-03-01,5.5910
MYR,2025-04-01,5.7587
MYR,2025-05-01,5.8522
MYR,2025-06-01,5.7290
MYR,2025-07-01,5.7167
MYR,2025-08-01,5.7246
MYR,2025-09-01,5.6940
MYR,2025-10-01,5.7161
MYR,2025-11-01,5.6377
MYR,2025-12-01,5.4469
MYR,2026-01-01,5.4496
MYR,2026-02-01,5.4277
MYR,2026-03-01,5.2936
MYR,2026-04-01,5.2326
MYR,2026-05-01,5.3367
MYR,2026-06-01,5.3197
MYR,2026-07-01,5.4493
MYR,2026-08-01,5.4633
MYR,2026-09-01,5.5008
MYR,2026-10-01,5.4702
MZN,2025-01-01,81.1919
MZN,2025-02-01,78.9484
MZN,2025-03-01,80.4630
MZN,2025-04-01,82.9052
MZN,2025-05-01,84.9791
MZN,2025-06-01,85.6897
MZN,2025-07-01,85.9405
MZN,2025-08-01,86.5073
MZN,2025-09-01,86.0745
MZN,2025-10-01,87.1989
MZN,2025-11-01,85.1598
MZN,2025-12-01,83.8617
MZN,2026-01-01,85.2266
MZN,2026-02-01,85.7043
MZN,2026-03-01,86.7106
MZN,2026-04-01,85.3559
MZN,2026-05-01,86.2528
MZN,2026-06-01,85.5733
MZN,2026-07-01,85.6289
MZN,2026-08-01,85.3111
MZN,2026-09-01,86.5331
MZN,2026-10-01,85.9611
NGN,2025-01-01,1973.5952
NGN,2025-02-01,1919.1053
NGN,2025-03-01,1897.2684
NGN,2025-04-01,1992.2716
NGN,2025-05-01,2131.4969
NGN,2025-06-01,2135.0370
NGN,2025-07-01,2080.4230
NGN,2025-08-01,2070.1012
NGN,2025-09-01,2068.4741
NGN,2025-10-01,2035.6389
NGN,2025-11-01,1952.9458
NGN,2025-12-01,1903.3812
NGN,2026-01-01,1939.8094
NGN,2026-02-01,1903.6717
NGN,2026-03-01,1825.9683
NGN,2026-04-01,1811.4271
NGN,2026-05-01,1821.0900
NGN,2026-06-01,1839.6681
NGN,2026-07-01,1822.3140
NGN,2026-08-01,1838.2793
NGN,2026-09-01,1830.4122
NGN,2026-10-01,1785.5008
NIO,2025-01-01,46.7285
NIO,2025-02-01,45.4055
NIO,2025-03-01,46.3084
NIO,2025-04-01,47.7283
NIO,2025-05-01,48.8234
NIO,2025-06-01,49.3525
NIO,2025-07-01,49.4902
NIO,2025-08-01,49.8187
NIO,2025-09-01,49.5807
NIO,2025-10-01,50.1698
NIO,2025-11-01,49.0168
NIO,2025-12-01,48.3110
NIO,2026-01-01,49.0820
NIO,2026-02-01,49.2739
NIO,2026-03-01,49.9397
NIO,2026-04-01,49.1076
NIO,2026-05-01,49.6995
NIO,2026-06-01,49.3128
NIO,2026-07-01,49.2657
NIO,2026-08-01,49.1887
NIO,2026-09-01,49.8543
NIO,2026-10-01,49.4252
NOK,2025-01-01,14.2560
NOK,2025-02-01,13.9064
NOK,2025-03-01,14.0375
NOK,2025-04-01,13.7095
NOK,2025-05-01,14.1123
NOK,2025-06-01,13.6149
NOK,2025-07-01,13.3788
NOK,2025-08-01,13.6667
NOK,2025-09-01,13.8394
NOK,2025-10-01,13.4068
NOK,2025-11-01,13.3892
NOK,2025-12-01,13.3032
NOK,2026-01-01,13.6296
NOK,2026-02-01,13.3349
NOK,2026-03-01,12.8628
NOK,2026-04-01,12.8015
NOK,2026-05-01,12.5511
NOK,2026-06-01,12.4293
NOK,2026-07-01,12.7234
NOK,2026-08-01,12.8322
NOK,2026-09-01,12.7462
NOK,2026-10-01,12.5877
NPR,2025-01-01,172.7775
NPR,2025-02-01,170.9350
NPR,2025-03-01,175.0097
NPR,2025-04-01,179.3854
NPR,2025-05-01,181.9067
NPR,2025-06-01,183.7561
NPR,2025-07-01,186.1378
NPR,2025-08-01,187.3090
NPR,2025-09-01,187.7989
NPR,2025-10-01,191.8957
NPR,2025-11-01,187.2063
NPR,2025-12-01,186.0657
NPR,2026-01-01,192.8469
NPR,2026-02-01,196.6869
NPR,2026-03-01,196.9983
NPR,2026-04-01,198.3026
NPR,2026-05-01,202.6325
NPR,2026-06-01,207.7104
NPR,2026-07-01,202.8213
NPR,2026-08-01,206.5199
NPR,2026-09-01,207.6605
NPR,2026-10-01,206.5897
NZD,2025-01-01,2.2176
NZD,2025-02-01,2.1771
NZD,2025-03-01,2.2030
NZD,2025-04-01,2.2408
NZD,2025-05-01,2.2443
NZD,2025-06-01,2.2595
NZD,2025-07-01,2.2319
NZD,2025-08-01,2.2401
NZD,2025-09-01,2.3139
NZD,2025-10-01,2.2818
NZD,2025-11-01,2.3222
NZD,2025-12-01,2.3307
NZD,2026-01-01,2.3086
NZD,2026-02-01,2.2928
NZD,2026-03-01,2.2599
NZD,2026-04-01,2.2821
NZD,2026-05-01,2.2865
NZD,2026-06-01,2.2918
NZD,2026-07-01,2.3075
NZD,2026-08-01,2.2978
NZD,2026-09-01,2.3055
NZD,2026-10-01,2.3355
OMR,2025-01-01,0.4892
OMR,2025-02-01,0.4756
OMR,2025-03-01,0.4845
OMR,2025-04-01,0.4996
OMR,2025-05-01,0.5109
OMR,2025-06-01,0.5164
OMR,2025-07-01,0.5176
OMR,2025-08-01,0.5210
OMR,2025-09-01,0.5183
OMR,2025-10-01,0.5253
OMR,2025-11-01,0.5127
OMR,2025-12-01,0.5050
OMR,2026-01-01,0.5129
OMR,2026-02-01,0.5162
OMR,2026-03-01,0.5221
OMR,2026-04-01,0.5139
OMR,2026-05-01,0.5193
OMR,2026-06-01,0.5153
OMR,2026-07-01,0.5158
OMR,2026-08-01,0.5141
OMR,2026-09-01,0.5217
OMR,2026-10-01,0.5179
PAB,2025-01-01,1.2707
PAB,2025-02-01,1.2357
PAB,2025-03-01,1.2585
PAB,2025-04-01,1.2978
PAB,2025-05-01,1.3271
PAB,2025-06-01,1.3412
PAB,2025-07-01,1.3451
PAB,2025-08-01,1.3541
PAB,2025-09-01,1.3473
PAB,2025-10-01,1.3647
PAB,2025-11-01,1.3328
PAB,2025-12-01,1.3126
PAB,2026-01-01,1.3329
PAB,2026-02-01,1.3410
PAB,2026-03-01,1.3573
PAB,2026-04-01,1.3361
PAB,2026-05-01,1.3502
PAB,2026-06-01,1.3399
PAB,2026-07-01,1.3404
PAB,2026-08-01,1.3367
PAB,2026-09-01,1.3554
PAB,2026-10-01,1.3456
PEN,2025-01-01,4.7621
PEN,2025-02-01,4.5979
PEN,2025-03-01,4.6579
PEN,2025-04-01,4.7401
PEN,2025-05-01,4.9622
PEN,2025-06-01,4.9447
PEN,2025-07-01,4.8584
PEN,2025-08-01,4.8181
PEN,2025-09-01,4.7182
PEN,2025-10-01,4.7472
PEN,2025-11-01,4.5223
PEN,2025-12-01,4.4238
PEN,2026-01-01,4.4926
PEN,2026-02-01,4.5031
PEN,2026-03-01,4.5406
PEN,2026-04-01,4.5588
PEN,2026-05-01,4.6409
PEN,2026-06-01,4.5880
PEN,2026-07-01,4.5754
PEN,2026-08-01,4.5467
PEN,2026-09-01,4.5712
PEN,2026-10-01,4.5155
PGK,2025-01-01,5.1097
PGK,2025-02-01,5.0273
PGK,2025-03-01,5.0582
PGK,2025-04-01,5.2799
PGK,2025-05-01,5.4859
PGK,2025-06-01,5.5248
PGK,2025-07-01,5.5353
PGK,2025-08-01,5.6883
PGK,2025-09-01,5.6922
PGK,2025-10-01,5.6999
PGK,2025-11-01,5.6100
PGK,2025-12-01,5.5517
PGK,2026-01-01,5.6707
PGK,2026-02-01,5.7100
PGK,2026-03-01,5.8450
PGK,2026-04-01,5.7480
PGK,2026-05-01,5.9376
PGK,2026-06-01,5.8434
PGK,2026-07-01,5.8753
PGK,2026-08-01,5.9800
PGK,2026-09-01,5.9612
PGK,2026-10-01,6.0530
PHP,2025-01-01,74.9198
PHP,2025-02-01,72.1270
PHP,2025-03-01,73.1956
PHP,2025-04-01,74.2540
PHP,2025-05-01,75.2962
PHP,2025-06-01,74.6294
PHP,2025-07-01,76.9419
PHP,2025-08-01,76.8810
PHP,2025-09-01,76.8615
PHP,2025-10-01,77.6053
PHP,2025-11-01,77.9113
PHP,2025-12-01,77.3109
PHP,2026-01-01,78.2266
PHP,2026-02-01,79.4318
PHP,2026-03-01,78.5482
PHP,2026-04-01,79.7223
PHP,2026-05-01,81.2186
PHP,2026-06-01,82.6720
PHP,2026-07-01,81.0076
PHP,2026-08-01,82.5755
PHP,2026-09-01,83.7925
PHP,2026-10-01,84.4178
PKR,2025-01-01,353.2004
PKR,2025-02-01,343.7668
PKR,2025-03-01,351.6952
PKR,2025-04-01,363.3922
PKR,2025-05-01,372.1385
PKR,2025-06-01,378.0712
PKR,2025-07-01,381.1635
PKR,2025-08-01,385.6710
PKR,2025-09-01,381.9601
PKR,2025-10-01,386.3343
PKR,2025-11-01,377.1898
PKR,2025-12-01,370.9532
PKR,2026-01-01,373.7529
PKR,2026-02-01,375.3285
PKR,2026-03-01,379.3630
PKR,2026-04-01,372.1568
PKR,2026-05-01,376.6443
PKR,2026-06-01,373.3508
PKR,2026-07-01,372.9805
PKR,2026-08-01,371.3406
PKR,2026-09-01,376.2728
PKR,2026-10-01,373.0900
PLN,2025-01-01,5.1534
PLN,2025-02-01,5.0103
PLN,2025-03-01,5.0400
PLN,2025-04-01,4.9804
PLN,2025-05-01,5.0180
PLN,2025-06-01,5.0273
PLN,2025-07-01,4.9969
PLN,2025-08-01,4.9144
PLN,2025-09-01,4.9169
PLN,2025-10-01,4.9035
PLN,2025-11-01,4.8690
PLN,2025-12-01,4.7923
PLN,2026-01-01,4.7961
PLN,2026-02-01,4.8397
PLN,2026-03-01,4.8371
PLN,2026-04-01,4.9305
PLN,2026-05-01,4.8869
PLN,2026-06-01,4.9143
PLN,2026-07-01,4.9038
PLN,2026-08-01,5.0757
PLN,2026-09-01,5.0537
PLN,2026-10-01,5.0717
PYG,2025-01-01,9926.6010
PYG,2025-02-01,9730.0462
PYG,2025-03-01,9892.5392
PYG,2025-04-01,10325.9210
PYG,2025-05-01,10585.9169
PYG,2025-06-01,10709.7423
PYG,2025-07-01,10730.3888
PYG,2025-08-01,10491.8296
PYG,2025-09-01,9757.4894
PYG,2025-10-01,9720.9173
PYG,2025-11-01,9443.4768
PYG,2025-12-01,9236.4794
PYG,2026-01-01,8953.7537
PYG,2026-02-01,8955.0498
PYG,2026-03-01,8865.7496
PYG,2026-04-01,8637.8974
PYG,2026-05-01,8593.9172
PYG,2026-06-01,8253.2246
PYG,2026-07-01,8205.9236
PYG,2026-08-01,8093.9309
PYG,2026-09-01,8160.1641
PYG,2026-10-01,8031.7881
QAR,2025-01-01,4.6253
QAR,2025-02-01,4.4978
QAR,2025-03-01,4.5810
QAR,2025-04-01,4.7240
QAR,2025-05-01,4.8306
QAR,2025-06-01,4.8820
QAR,2025-07-01,4.8963
QAR,2025-08-01,4.9289
QAR,2025-09-01,4.9043
QAR,2025-10-01,4.9677
QAR,2025-11-01,4.8513
QAR,2025-12-01,4.7777
QAR,2026-01-01,4.8516
QAR,2026-02-01,4.8811
QAR,2026-03-01,4.9405
QAR,2026-04-01,4.8633
QAR,2026-05-01,4.9146
QAR,2026-06-01,4.8772
QAR,2026-07-01,4.8790
QAR,2026-08-01,4.8657
QAR,2026-09-01,4.9336
QAR,2026-10-01,4.8980
RON,2025-01-01,6.0232
RON,2025-02-01,5.8888
RON,2025-03-01,6.0092
RON,2025-04-01,5.9215
RON,2025-05-01,5.8144
RON,2025-06-01,6.0071
RON,2025-07-01,5.8800
RON,2025-08-01,5.8546
RON,2025-09-01,5.8547
RON,2025-10-01,5.8413
RON,2025-11-01,5.8485
RON,2025-12-01,5.7651
RON,2026-01-01,5.7961
RON,2026-02-01,5.8347
RON,2026-03-01,5.8420
RON,2026-04-01,5.8934
RON,2026-05-01,5.8619
RON,2026-06-01,6.0450
RON,2026-07-01,6.0512
RON,2026-08-01,6.1387
RON,2026-09-01,6.1288
RON,2026-10-01,6.1399
RSD,2025-01-01,141.6500
RSD,2025-02-01,138.5900
RSD,2025-03-01,141.4775
RSD,2025-04-01,139.4374
RSD,2025-05-01,136.9458
RSD,2025-06-01,138.8821
RSD,2025-07-01,137.0299
RSD,2025-08-01,135.2929
RSD,2025-09-01,135.5959
RSD,2025-10-01,135.0721
RSD,2025-11-01,134.8809
RSD,2025-12-01,132.8126
RSD,2026-01-01,133.3492
RSD,2026-02-01,134.4006
RSD,2026-03-01,134.6644
RSD,2026-04-01,135.8902
RSD,2026-05-01,135.0703
RSD,2026-06-01,135.6106
RSD,2026-07-01,135.7222
RSD,2026-08-01,137.5785
RSD,2026-09-01,137.1078
RSD,2026-10-01,136.9113
RUB,2025-01-01,131.1380
RUB,2025-02-01,122.0757
RUB,2025-03-01,113.0350
RUB,2025-04-01,108.6812
RUB,2025-05-01,109.5133
RUB,2025-06-01,107.0854
RUB,2025-07-01,105.5405
RUB,2025-08-01,106.3218
RUB,2025-09-01,107.9730
RUB,2025-10-01,113.3010
RUB,2025-11-01,108.6903
RUB,2025-12-01,105.9667
RUB,2026-01-01,107.1069
RUB,2026-02-01,104.0605
RUB,2026-03-01,103.8407
RUB,2026-04-01,111.5771
RUB,2026-05-01,101.4671
RUB,2026-06-01,95.7915
RUB,2026-07-01,97.9780
RUB,2026-08-01,105.0552
RUB,2026-09-01,115.2881
RUB,2026-10-01,113.5653
RWF,2025-01-01,1741.4897
RWF,2025-02-01,1725.3237
RWF,2025-03-01,1771.9466
RWF,2025-04-01,1839.2822
RWF,2025-05-01,1885.1731
RWF,2025-06-01,1911.9592
RWF,2025-07-01,1918.6380
RWF,2025-08-01,1954.6758
RWF,2025-09-01,1949.7833
RWF,2025-10-01,1973.5025
RWF,2025-11-01,1934.7172
RWF,2025-12-01,1909.1178
RWF,2026-01-01,1942.7514
RWF,2026-02-01,1953.0284
RWF,2026-03-01,1980.7193
RWF,2026-04-01,1948.5263
RWF,2026-05-01,1973.7740
RWF,2026-06-01,1961.3136
RWF,2026-07-01,1986.4969
RWF,2026-08-01,1966.3449
RWF,2026-09-01,1994.6250
RWF,2026-10-01,1982.2241
SAR,2025-01-01,4.7651
SAR,2025-02-01,4.6337
SAR,2025-03-01,4.7195
SAR,2025-04-01,4.8668
SAR,2025-05-01,4.9766
SAR,2025-06-01,5.0296
SAR,2025-07-01,5.0442
SAR,2025-08-01,5.0778
SAR,2025-09-01,5.0525
SAR,2025-10-01,5.1178
SAR,2025-11-01,4.9979
SAR,2025-12-01,4.9221
SAR,2026-01-01,4.9982
SAR,2026-02-01,5.0287
SAR,2026-03-01,5.0898
SAR,2026-04-01,5.0103
SAR,2026-05-01,5.0631
SAR,2026-06-01,5.0246
SAR,2026-07-01,5.0265
SAR,2026-08-01,5.0127
SAR,2026-09-01,5.0827
SAR,2026-10-01,5.0460
SBD,2025-01-01,10.6771
SBD,2025-02-01,10.4934
SBD,2025-03-01,10.7457
SBD,2025-04-01,11.0367
SBD,2025-05-01,11.2802
SBD,2025-06-01,11.4074
SBD,2025-07-01,11.4524
SBD,2025-08-01,11.5094
SBD,2025-09-01,11.4500
SBD,2025-10-01,11.5931
SBD,2025-11-01,11.3073
SBD,2025-12-01,10.8139
SBD,2026-01-01,10.8698
SBD,2026-02-01,10.9063
SBD,2026-03-01,10.9121
SBD,2026-04-01,10.7641
SBD,2026-05-01,10.8638
SBD,2026-06-01,10.7657
SBD,2026-07-01,10.7937
SBD,2026-08-01,10.7861
SBD,2026-09-01,10.8761
SBD,2026-10-01,10.7915
SCR,2025-01-01,18.1051
SCR,2025-02-01,18.0570
SCR,2025-03-01,18.1084
SCR,2025-04-01,18.8160
SCR,2025-05-01,19.0547
SCR,2025-06-01,19.4205
SCR,2025-07-01,19.8596
SCR,2025-08-01,19.6572
SCR,2025-09-01,19.7936
SCR,2025-10-01,20.2601
SCR,2025-11-01,18.2772
SCR,2025-12-01,18.3013
SCR,2026-01-01,18.1251
SCR,2026-02-01,19.0194
SCR,2026-03-01,18.9768
SCR,2026-04-01,18.3606
SCR,2026-05-01,19.8624
SCR,2026-06-01,19.6325
SCR,2026-07-01,18.9480
SCR,2026-08-01,18.7582
SCR,2026-09-01,19.2823
SCR,2026-10-01,18.9675
SDG,2025-01-01,764.0112
SDG,2025-02-01,742.5802
SDG,2025-03-01,756.3721
SDG,2025-04-01,779.6884
SDG,2025-05-01,796.9242
SDG,2025-06-01,805.3988
SDG,2025-07-01,807.6766
SDG,2025-08-01,813.0938
SDG,2025-09-01,809.0225
SDG,2025-10-01,820.7513
SDG,2025-11-01,801.4762
SDG,2025-12-01,787.3727
SDG,2026-01-01,799.5853
SDG,2026-02-01,804.4160
SDG,2026-03-01,814.5625
SDG,2026-04-01,801.9106
SDG,2026-05-01,810.3583
SDG,2026-06-01,804.1894
SDG,2026-07-01,804.5384
SDG,2026-08-01,802.2719
SDG,2026-09-01,813.5488
SDG,2026-10-01,807.6092
SEK,2025-01-01,13.9198
SEK,2025-02-01,13.5600
SEK,2025-03-01,13.5083
SEK,2025-04-01,13.0798
SEK,2025-05-01,13.0472
SEK,2025-06-01,12.8514
SEK,2025-07-01,12.8855
SEK,2025-08-01,12.8813
SEK,2025-09-01,12.9351
SEK,2025-10-01,12.6356
SEK,2025-11-01,12.5648
SEK,2025-12-01,12.4529
SEK,2026-01-01,12.4522
SEK,2026-02-01,12.2165
SEK,2026-03-01,12.1911
SEK,2026-04-01,12.4292
SEK,2026-05-01,12.3988
SEK,2026-06-01,12.5732
SEK,2026-07-01,12.5972
SEK,2026-08-01,12.9869
SEK,2026-09-01,12.8983
SEK,2026-10-01,13.1652
SGD,2025-01-01,1.7165
SGD,2025-02-01,1.6717
SGD,2025-03-01,1.6907
SGD,2025-04-01,1.7298
SGD,2025-05-01,1.7437
SGD,2025-06-01,1.7301
SGD,2025-07-01,1.7287
SGD,2025-08-01,1.7290
SGD,2025-09-01,1.7323
SGD,2025-10-01,1.7421
SGD,2025-11-01,1.7315
SGD,2025-12-01,1.7114
SGD,2026-01-01,1.7223
SGD,2026-02-01,1.7206
SGD,2026-03-01,1.7158
SGD,2026-04-01,1.7062
SGD,2026-05-01,1.7200
SGD,2026-06-01,1.7157
SGD,2026-07-01,1.7205
SGD,2026-08-01,1.7262
SGD,2026-09-01,1.7300
SGD,2026-10-01,1.7135
SLE,2025-01-01,28.9181
SLE,2025-02-01,28.1099
SLE,2025-03-01,28.7309
SLE,2025-04-01,29.6162
SLE,2025-05-01,30.1886
SLE,2025-06-01,30.5797
SLE,2025-07-01,30.6353
SLE,2025-08-01,30.7782
SLE,2025-09-01,30.6112
SLE,2025-10-01,31.0890
SLE,2025-11-01,30.2405
SLE,2025-12-01,30.0508
SLE,2026-01-01,30.6023
SLE,2026-02-01,30.6346
SLE,2026-03-01,31.1432
SLE,2026-04-01,30.5158
SLE,2026-05-01,30.9797
SLE,2026-06-01,30.6434
SLE,2026-07-01,30.5877
SLE,2026-08-01,30.6308
SLE,2026-09-01,31.0248
SLE,2026-10-01,33.1560
SOS,2025-01-01,724.9594
SOS,2025-02-01,703.9568
SOS,2025-03-01,717.4147
SOS,2025-04-01,741.2410
SOS,2025-05-01,756.8643
SOS,2025-06-01,765.7488
SOS,2025-07-01,768.6956
SOS,2025-08-01,772.7522
SOS,2025-09-01,769.1566
SOS,2025-10-01,779.8941
SOS,2025-11-01,761.7248
SOS,2025-12-01,747.8634
SOS,2026-01-01,761.7101
SOS,2026-02-01,764.0462
SOS,2026-03-01,772.5045
SOS,2026-04-01,760.2877
SOS,2026-05-01,770.5102
SOS,2026-06-01,765.2566
SOS,2026-07-01,766.0038
SOS,2026-08-01,763.0606
SOS,2026-09-01,773.4709
SOS,2026-10-01,767.5204
SRD,2025-01-01,45.0679
SRD,2025-02-01,43.5520
SRD,2025-03-01,44.5691
SRD,2025-04-01,47.4648
SRD,2025-05-01,48.7084
SRD,2025-06-01,49.1488
SRD,2025-07-01,52.2917
SRD,2025-08-01,49.7126
SRD,2025-09-01,50.7581
SRD,2025-10-01,52.0553
SRD,2025-11-01,53.0420
SRD,2025-12-01,50.6428
SRD,2026-01-01,51.6147
SRD,2026-02-01,51.3751
SRD,2026-03-01,51.2442
SRD,2026-04-01,50.3642
SRD,2026-05-01,50.5976
SRD,2026-06-01,49.8771
SRD,2026-07-01,50.0705
SRD,2026-08-01,50.4674
SRD,2026-09-01,51.6194
SRD,2026-10-01,50.7769
SVC,2025-01-01,11.1185
SVC,2025-02-01,10.8120
SVC,2025-03-01,11.0121
SVC,2025-04-01,11.3558
SVC,2025-05-01,11.6120
SVC,2025-06-01,11.7357
SVC,2025-07-01,11.7699
SVC,2025-08-01,11.8482
SVC,2025-09-01,11.7891
SVC,2025-10-01,11.9415
SVC,2025-11-01,11.6617
SVC,2025-12-01,11.4848
SVC,2026-01-01,11.6624
SVC,2026-02-01,11.7335
SVC,2026-03-01,11.8763
SVC,2026-04-01,11.6906
SVC,2026-05-01,11.8139
SVC,2026-06-01,11.7240
SVC,2026-07-01,11.7284
SVC,2026-08-01,11.6963
SVC,2026-09-01,11.8596
SVC,2026-10-01,11.7741
SZL,2025-01-01,22.9334
SZL,2025-02-01,22.8235
SZL,2025-03-01,23.2761
SZL,2025-04-01,23.5434
SZL,2025-05-01,25.0169
SZL,2025-06-01,23.9960
SZL,2025-07-01,24.3205
SZL,2025-08-01,23.7688
SZL,2025-09-01,23.8653
SZL,2025-10-01,23.7261
SZL,2025-11-01,23.2813
SZL,2025-12-01,22.5147
SZL,2026-01-01,22.3175
SZL,2026-02-01,21.9330
SZL,2026-03-01,21.7264
SZL,2026-04-01,22.3066
SZL,2026-05-01,22.2442
SZL,2026-06-01,22.2464
SZL,2026-07-01,21.7587
SZL,2026-08-01,22.0219
SZL,2026-09-01,22.0287
SZL,2026-10-01,21.8950
THB,2025-01-01,43.4740
THB,2025-02-01,41.7704
THB,2025-03-01,42.4249
THB,2025-04-01,43.6449
THB,2025-05-01,44.0755
THB,2025-06-01,43.9770
THB,2025-07-01,43.9004
THB,2025-08-01,43.5404
THB,2025-09-01,43.8674
THB,2025-10-01,43.3203
THB,2025-11-01,43.8422
THB,2025-12-01,42.5477
THB,2026-01-01,42.0047
THB,2026-02-01,41.7131
THB,2026-03-01,42.4965
THB,2026-04-01,43.4135
THB,2026-05-01,43.4963
THB,2026-06-01,43.7999
THB,2026-07-01,43.7219
THB,2026-08-01,45.2030
THB,2026-09-01,44.8240
THB,2026-10-01,44.7505
TMT,2025-01-01,4.4565
TMT,2025-02-01,4.3345
TMT,2025-03-01,4.4014
TMT,2025-04-01,4.5405
TMT,2025-05-01,4.6419
TMT,2025-06-01,4.7048
TMT,2025-07-01,4.7066
TMT,2025-08-01,4.7494
TMT,2025-09-01,4.7122
TMT,2025-10-01,4.7728
TMT,2025-11-01,4.6647
TMT,2025-12-01,4.5917
TMT,2026-01-01,4.6634
TMT,2026-02-01,4.6900
TMT,2026-03-01,4.7600
TMT,2026-04-01,4.6739
TMT,2026-05-01,4.7357
TMT,2026-06-01,4.6854
TMT,2026-07-01,4.7001
TMT,2026-08-01,4.6756
TMT,2026-09-01,4.7410
TMT,2026-10-01,4.7230
TND,2025-01-01,4.0215
TND,2025-02-01,3.9311
TND,2025-03-01,3.9949
TND,2025-04-01,4.0027
TND,2025-05-01,3.9746
TND,2025-06-01,4.0128
TND,2025-07-01,3.9501
TND,2025-08-01,3.8888
TND,2025-09-01,3.8853
TND,2025-10-01,3.9414
TND,2025-11-01,3.9193
TND,2025-12-01,3.8716
TND,2026-01-01,3.8931
TND,2026-02-01,3.8628
TND,2026-03-01,3.8749
TND,2026-04-01,3.9146
TND,2026-05-01,3.8974
TND,2026-06-01,3.9034
TND,2026-07-01,3.9152
TND,2026-08-01,3.9407
TND,2026-09-01,3.9463
TND,2026-10-01,3.9398
TOP,2025-01-01,3.0401
TOP,2025-02-01,3.0052
TOP,2025-03-01,3.0310
TOP,2025-04-01,3.1202
TOP,2025-05-01,3.1962
TOP,2025-06-01,3.2302
TOP,2025-07-01,3.2395
TOP,2025-08-01,3.2608
TOP,2025-09-01,3.2443
TOP,2025-10-01,3.2855
TOP,2025-11-01,3.2053
TOP,2025-12-01,3.1469
TOP,2026-01-01,3.2098
TOP,2026-02-01,3.2145
TOP,2026-03-01,3.2688
TOP,2026-04-01,3.2177
TOP,2026-05-01,3.2506
TOP,2026-06-01,3.2271
TOP,2026-07-01,3.2279
TOP,2026-08-01,3.2194
TOP,2026-09-01,3.2409
TOP,2026-10-01,3.2403
TRY,2025-01-01,44.4968
TRY,2025-02-01,44.0442
TRY,2025-03-01,45.6918
TRY,2025-04-01,49.5153
TRY,2025-05-01,50.5961
TRY,2025-06-01,52.0825
TRY,2025-07-01,53.1548
TRY,2025-08-01,54.7698
TRY,2025-09-01,55.1230
TRY,2025-10-01,56.3593
TRY,2025-11-01,55.9355
TRY,2025-12-01,55.5844
TRY,2026-01-01,56.9430
TRY,2026-02-01,58.0465
TRY,2026-03-01,59.3813
TRY,2026-04-01,59.0760
TRY,2026-05-01,60.6492
TRY,2026-06-01,61.0885
TRY,2026-07-01,62.0805
TRY,2026-08-01,63.1095
TRY,2026-09-01,64.9640
TRY,2026-10-01,65.4654
TTD,2025-01-01,8.6229
TTD,2025-02-01,8.3908
TTD,2025-03-01,8.5261
TTD,2025-04-01,8.8074
TTD,2025-05-01,9.0056
TTD,2025-06-01,9.1115
TTD,2025-07-01,9.1193
TTD,2025-08-01,9.1957
TTD,2025-09-01,9.1328
TTD,2025-10-01,9.2595
TTD,2025-11-01,9.0444
TTD,2025-12-01,8.8961
TTD,2026-01-01,9.0453
TTD,2026-02-01,9.0766
TTD,2026-03-01,9.1978
TTD,2026-04-01,9.0486
TTD,2026-05-01,9.1575
TTD,2026-06-01,9.0859
TTD,2026-07-01,9.1032
TTD,2026-08-01,9.0721
TTD,2026-09-01,9.1771
TTD,2026-10-01,9.1303
TWD,2025-01-01,41.3379
TWD,2025-02-01,40.4326
TWD,2025-03-01,41.2496
TWD,2025-04-01,42.8539
TWD,2025-05-01,43.0510
TWD,2025-06-01,40.3628
TWD,2025-07-01,39.7494
TWD,2025-08-01,39.6365
TWD,2025-09-01,40.8035
TWD,2025-10-01,40.9867
TWD,2025-11-01,40.9843
TWD,2025-12-01,40.9663
TWD,2026-01-01,41.9291
TWD,2026-02-01,42.3959
TWD,2026-03-01,42.7022
TWD,2026-04-01,42.6388
TWD,2026-05-01,42.5517
TWD,2026-06-01,42.3831
TWD,2026-07-01,42.3775
TWD,2026-08-01,43.3972
TWD,2026-09-01,43.3111
TWD,2026-10-01,42.7656
TZS,2025-01-01,3181.3146
TZS,2025-02-01,3125.9240
TZS,2025-03-01,3270.8525
TZS,2025-04-01,3422.6553
TZS,2025-05-01,3557.0635
TZS,2025-06-01,3621.4022
TZS,2025-07-01,3530.4106
TZS,2025-08-01,3503.6167
TZS,2025-09-01,3373.2618
TZS,2025-10-01,3363.8824
TZS,2025-11-01,3295.2536
TZS,2025-12-01,3190.7091
TZS,2026-01-01,3299.8249
TZS,2026-02-01,3369.8989
TZS,2026-03-01,3511.1145
TZS,2026-04-01,3482.5570
TZS,2026-05-01,3516.3334
TZS,2026-06-01,3494.6025
TZS,2026-07-01,3517.1755
TZS,2026-08-01,3528.7398
TZS,2026-09-01,3581.2446
TZS,2026-10-01,3563.6663
UAH,2025-01-01,53.1256
UAH,2025-02-01,51.9508
UAH,2025-03-01,52.4737
UAH,2025-04-01,53.9276
UAH,2025-05-01,54.8121
UAH,2025-06-01,55.5954
UAH,2025-07-01,56.0809
UAH,2025-08-01,56.6289
UAH,2025-09-01,55.6489
UAH,2025-10-01,56.2754
UAH,2025-11-01,55.7147
UAH,2025-12-01,55.2617
UAH,2026-01-01,56.4067
UAH,2026-02-01,58.0164
UAH,2026-03-01,58.7739
UAH,2026-04-01,58.7385
UAH,2026-05-01,59.3249
UAH,2026-06-01,59.3177
UAH,2026-07-01,60.0914
UAH,2026-08-01,59.9097
UAH,2026-09-01,60.5970
UAH,2026-10-01,60.0377
UGX,2025-01-01,4625.8742
UGX,2025-02-01,4547.2758
UGX,2025-03-01,4625.6319
UGX,2025-04-01,4756.4559
UGX,2025-05-01,4863.4506
UGX,2025-06-01,4899.2251
UGX,2025-07-01,4842.9395
UGX,2025-08-01,4860.7989
UGX,2025-09-01,4803.5100
UGX,2025-10-01,4776.2831
UGX,2025-11-01,4648.1799
UGX,2025-12-01,4788.0958
UGX,2026-01-01,4750.6748
UGX,2026-02-01,4638.6851
UGX,2026-03-01,4798.8655
UGX,2026-04-01,5026.0883
UGX,2026-05-01,5004.2507
UGX,2026-06-01,5060.1453
UGX,2026-07-01,4893.7270
UGX,2026-08-01,4995.2411
UGX,2026-09-01,5051.4607
UGX,2026-10-01,5258.8030
USD,2025-01-01,1.2707
USD,2025-02-01,1.2357
USD,2025-03-01,1.2585
USD,2025-04-01,1.2978
USD,2025-05-01,1.3271
USD,2025-06-01,1.3412
USD,2025-07-01,1.3451
USD,2025-08-01,1.3541
USD,2025-09-01,1.3473
USD,2025-10-01,1.3647
USD,2025-11-01,1.3328
USD,2025-12-01,1.3126
USD,2026-01-01,1.3329
USD,2026-02-01,1.3410
USD,2026-03-01,1.3573
USD,2026-04-01,1.3361
USD,2026-05-01,1.3502
USD,2026-06-01,1.3399
USD,2026-07-01,1.3404
USD,2026-08-01,1.3367
USD,2026-09-01,1.3554
USD,2026-10-01,1.3456
UYU,2025-01-01,56.5682
UYU,2025-02-01,54.0395
UYU,2025-03-01,54.4994
UYU,2025-04-01,55.1474
UYU,2025-05-01,56.1928
UYU,2025-06-01,55.8553
UYU,2025-07-01,54.9365
UYU,2025-08-01,54.4343
UYU,2025-09-01,54.1195
UYU,2025-10-01,54.8682
UYU,2025-11-01,53.0554
UYU,2025-12-01,52.2715
UYU,2026-01-01,52.2152
UYU,2026-02-01,51.4596
UYU,2026-03-01,52.7091
UYU,2026-04-01,54.1589
UYU,2026-05-01,53.7040
UYU,2026-06-01,54.0355
UYU,2026-07-01,54.0654
UYU,2026-08-01,53.6316
UYU,2026-09-01,54.3855
UYU,2026-10-01,54.1295
UZS,2025-01-01,16326.0197
UZS,2025-02-01,15989.3925
UZS,2025-03-01,16355.8673
UZS,2025-04-01,16770.9862
UZS,2025-05-01,17208.0303
UZS,2025-06-01,17296.3826
UZS,2025-07-01,17025.0205
UZS,2025-08-01,17089.3294
UZS,2025-09-01,16871.7585
UZS,2025-10-01,16769.6582
UZS,2025-11-01,16059.1050
UZS,2025-12-01,15700.9387
UZS,2026-01-01,16134.4000
UZS,2026-02-01,16206.1596
UZS,2026-03-01,16473.6155
UZS,2026-04-01,16181.8573
UZS,2026-05-01,16315.9043
UZS,2026-06-01,16212.3051
UZS,2026-07-01,16145.1233
UZS,2026-08-01,16045.3862
UZS,2026-09-01,15979.5357
UZS,2026-10-01,15857.7264
VED,2025-02-01,68.2462
VED,2025-03-01,78.1613
VED,2025-04-01,87.0529
VED,2025-05-01,104.0487
VED,2025-06-01,127.0276
VED,2025-07-01,137.6769
VED,2025-08-01,162.2957
VED,2025-09-01,184.8535
VED,2025-10-01,219.5377
VED,2025-11-01,276.5274
VED,2025-12-01,311.0557
VED,2026-01-01,365.2740
VEF,2025-01-01,6413696.5388
VES,2026-02-01,464.6903
VES,2026-03-01,537.1232
VES,2026-04-01,599.7955
VES,2026-05-01,650.2428
VES,2026-06-01,694.8667
VES,2026-07-01,793.1739
VES,2026-08-01,984.1686
VES,2026-09-01,1047.3299
VES,2026-10-01,1127.9302
VND,2025-01-01,32434.5776
VND,2025-02-01,30995.4203
VND,2025-03-01,32125.3402
VND,2025-04-01,33201.9196
VND,2025-05-01,34287.1538
VND,2025-06-01,34821.0566
VND,2025-07-01,35119.2119
VND,2025-08-01,35416.0286
VND,2025-09-01,35466.1827
VND,2025-10-01,35992.0138
VND,2025-11-01,35124.5729
VND,2025-12-01,34628.6075
VND,2026-01-01,35098.5167
VND,2026-02-01,35241.6881
VND,2026-03-01,35150.3330
VND,2026-04-01,35144.7848
VND,2026-05-01,35538.6637
VND,2026-06-01,35316.5267
VND,2026-07-01,35283.2267
VND,2026-08-01,35216.6818
VND,2026-09-01,35479.8977
VND,2026-10-01,34977.9788
VUV,2025-01-01,154.8773
VUV,2025-02-01,151.2219
VUV,2025-03-01,155.3910
VUV,2025-04-01,158.5418
VUV,2025-05-01,162.8493
VUV,2025-06-01,162.6945
VUV,2025-07-01,161.4017
VUV,2025-08-01,162.5529
VUV,2025-09-01,161.1702
VUV,2025-10-01,162.1040
VUV,2025-11-01,162.3587
VUV,2025-12-01,160.1906
VUV,2026-01-01,161.6873
VUV,2026-02-01,161.6413
VUV,2026-03-01,161.4876
VUV,2026-04-01,159.7604
VUV,2026-05-01,159.7500
VUV,2026-06-01,159.2752
VUV,2026-07-01,159.3907
VUV,2026-08-01,159.1429
VUV,2026-09-01,160.2301
VUV,2026-10-01,159.1798
WST,2025-01-01,3.5435
WST,2025-02-01,3.5064
WST,2025-03-01,3.5558
WST,2025-04-01,3.6377
WST,2025-05-01,3.7077
WST,2025-06-01,3.6130
WST,2025-07-01,3.5559
WST,2025-08-01,3.7221
WST,2025-09-01,3.6478
WST,2025-10-01,3.6258
WST,2025-11-01,3.7406
WST,2025-12-01,3.6973
WST,2026-01-01,3.7200
WST,2026-02-01,3.7311
WST,2026-03-01,3.6704
WST,2026-04-01,3.6524
WST,2026-05-01,3.6659
WST,2026-06-01,3.6390
WST,2026-07-01,3.6723
WST,2026-08-01,3.6653
WST,2026-09-01,3.6811
WST,2026-10-01,3.6911
XAF,2025-01-01,794.1201
XAF,2025-02-01,776.1404
XAF,2025-03-01,791.9095
XAF,2025-04-01,780.3810
XAF,2025-05-01,766.1720
XAF,2025-06-01,777.0519
XAF,2025-07-01,766.7381
XAF,2025-08-01,757.4281
XAF,2025-09-01,759.1531
XAF,2025-10-01,756.1570
XAF,2025-11-01,754.7378
XAF,2025-12-01,743.0970
XAF,2026-01-01,746.6312
XAF,2026-02-01,750.9248
XAF,2026-03-01,752.2975
XAF,2026-04-01,758.9442
XAF,2026-05-01,754.7753
XAF,2026-06-01,757.6197
XAF,2026-07-01,758.5660
XAF,2026-08-01,768.7193
XAF,2026-09-01,766.2127
XAF,2026-10-01,765.1987
XCD,2025-01-01,3.4387
XCD,2025-02-01,3.3442
XCD,2025-03-01,3.4073
XCD,2025-04-01,3.5132
XCD,2025-05-01,3.5918
XCD,2025-06-01,3.6311
XCD,2025-07-01,3.6415
XCD,2025-08-01,3.6648
XCD,2025-09-01,3.6466
XCD,2025-10-01,3.6946
XCD,2025-11-01,3.6082
XCD,2025-12-01,3.5518
XCD,2026-01-01,3.6077
XCD,2026-02-01,3.6291
XCD,2026-03-01,3.6736
XCD,2026-04-01,3.6173
XCD,2026-05-01,3.6538
XCD,2026-06-01,3.6270
XCD,2026-07-01,3.6276
XCD,2026-08-01,3.6196
XCD,2026-09-01,3.6684
XCD,2026-10-01,3.6430
XOF,2025-01-01,794.1201
XOF,2025-02-01,776.1404
XOF,2025-03-01,791.9095
XOF,2025-04-01,780.3810
XOF,2025-05-01,766.1720
XOF,2025-06-01,777.0519
XOF,2025-07-01,766.7381
XOF,2025-08-01,757.4281
XOF,2025-09-01,759.1531
XOF,2025-10-01,756.1570
XOF,2025-11-01,754.7378
XOF,2025-12-01,743.0970
XOF,2026-01-01,746.6312
XOF,2026-02-01,750.9248
XOF,2026-03-01,752.2975
XOF,2026-04-01,758.9442
XOF,2026-05-01,754.7753
XOF,2026-06-01,757.6197
XOF,2026-07-01,758.5660
XOF,2026-08-01,768.7193
XOF,2026-09-01,766.2127
XOF,2026-10-01,765.1987
XPF,2025-01-01,144.4664
XPF,2025-02-01,141.1955
XPF,2025-03-01,144.0642
XPF,2025-04-01,141.9670
XPF,2025-05-01,139.3821
XPF,2025-06-01,141.3613
XPF,2025-07-01,139.4850
XPF,2025-08-01,137.7914
XPF,2025-09-01,138.1052
XPF,2025-10-01,137.5601
XPF,2025-11-01,137.3020
XPF,2025-12-01,135.1843
XPF,2026-01-01,135.8272
XPF,2026-02-01,136.6083
XPF,2026-03-01,136.8580
XPF,2026-04-01,138.0672
XPF,2026-05-01,137.3088
XPF,2026-06-01,137.8262
XPF,2026-07-01,137.9984
XPF,2026-08-01,139.8455
XPF,2026-09-01,139.3895
XPF,2026-10-01,139.2050
YER,2025-01-01,317.5968
YER,2025-02-01,307.7458
YER,2025-03-01,312.1097
YER,2025-04-01,319.9895
YER,2025-05-01,325.6458
YER,2025-06-01,327.1806
YER,2025-07-01,326.6475
YER,2025-08-01,326.3220
YER,2025-09-01,323.6122
YER,2025-10-01,326.9886
YER,2025-11-01,318.3933
YER,2025-12-01,313.0956
YER,2026-01-01,317.7468
YER,2026-02-01,319.6954
YER,2026-03-01,323.5646
YER,2026-04-01,318.7939
YER,2026-05-01,322.1639
YER,2026-06-01,319.7515
YER,2026-07-01,319.8451
YER,2026-08-01,318.1262
YER,2026-09-01,321.3495
YER,2026-10-01,318.2852
ZAR,2025-01-01,22.9334
ZAR,2025-02-01,22.8235
ZAR,2025-03-01,23.2761
ZAR,2025-04-01,23.5434
ZAR,2025-05-01,25.0169
ZAR,2025-06-01,23.9960
ZAR,2025-07-01,24.3205
ZAR,2025-08-01,23.7688
ZAR,2025-09-01,23.8653
ZAR,2025-10-01,23.7261
ZAR,2025-11-01,23.2813
ZAR,2025-12-01,22.5147
ZAR,2026-01-01,22.3175
ZAR,2026-02-01,21.9330
ZAR,2026-03-01,21.7264
ZAR,2026-04-01,22.3066
ZAR,2026-05-01,22.2442
ZAR,2026-06-01,22.2464
ZAR,2026-07-01,21.7587
ZAR,2026-08-01,22.0219
ZAR,2026-09-01,22.0287
ZAR,2026-10-01,21.8950
ZMW,2025-01-01,35.1641
ZMW,2025-02-01,34.3737
ZMW,2025-03-01,35.4802
ZMW,2025-04-01,37.3417
ZMW,2025-05-01,37.7083
ZMW,2025-06-01,36.5185
ZMW,2025-07-01,32.3540
ZMW,2025-08-01,31.5668
ZMW,2025-09-01,31.4001
ZMW,2025-10-01,32.2085
ZMW,2025-11-01,30.0768
ZMW,2025-12-01,29.8901
ZMW,2026-01-01,30.6566
ZMW,2026-02-01,27.2206
ZMW,2026-03-01,25.4889
ZMW,2026-04-01,26.1973
ZMW,2026-05-01,25.7859
ZMW,2026-06-01,25.3664
ZMW,2026-07-01,23.8977
ZMW,2026-08-01,24.5976
ZMW,2026-09-01,25.5323
ZMW,2026-10-01,26.4377
ZWG,2025-01-01,32.3726
ZWG,2025-02-01,32.4010
ZWG,2025-03-01,33.2778
ZWG,2025-04-01,35.2757
ZWG,2025-05-01,35.9655
ZWG,2025-06-01,36.1049
ZWG,2025-07-01,36.3040
ZWG,2025-08-01,36.3598
ZWG,2025-09-01,36.2885
ZWG,2025-10-01,36.5213
ZWG,2025-11-01,35.5643
ZWG,2025-12-01,34.5908
ZWG,2026-01-01,34.9602
ZWG,2026-02-01,34.4842
ZWG,2026-03-01,34.9549
ZWG,2026-04-01,33.9189
ZWG,2026-05-01,34.3378
ZWG,2026-06-01,35.2702
ZWG,2026-07-01,36.0939
ZWG,2026-08-01,35.8198
ZWG,2026-09-01,36.2052
ZWG,2026-10-01,36.1134
